,purchase_id,customer_id,product_id,quantity,purchase_date,store,name,city,signup_date,product_name,category,price,total_price
0,T0001,C011,P042,1,2023-01-01 00:00:00,Store C,Michael Rodriguez,Seattle,2023-01-31,Dumbbells,Sports,402.17,402.17
1,T0002,C070,P001,2,2023-01-01 04:00:00,Store A,Eric Brown,Sacramento,2023-07-27,Laptop,Electronics,1097.56,2195.12
2,T0003,C075,P029,1,2023-01-01 08:00:00,Store A,Alice Wilson,Los Angeles,2023-08-11,Candle,Home & Garden,162.72,162.72
3,T0004,C053,P045,1,2023-01-01 12:00:00,Store C,Diana Kim,Sacramento,2023-06-06,Running Shoes,Sports,400.96,400.96
4,T0005,C079,P049,3,2023-01-01 16:00:00,Store B,Hannah Patel,Portland,2023-08-23,Bicycle,Sports,60.58,181.74
5,T0006,C010,P035,1,2023-01-01 20:00:00,Store C,Bob Jackson,Los Angeles,2023-01-28,Magazine,Books,21.74,21.74
6,T0007,C011,P040,3,2023-01-02 00:00:00,Store C,Michael Rodriguez,Seattle,2023-01-31,Reference Book,Books,30.45,91.35
7,T0008,C092,P014,1,2023-01-02 04:00:00,Store C,Steve Garcia,Los Angeles,2023-10-01,Jacket,Clothing,145.27,145.27
8,T0009,C060,P035,1,2023-01-02 08:00:00,Store B,Alice Brown,Portland,2023-06-27,Magazine,Books,21.74,21.74
9,T0010,C030,P048,1,2023-01-02 12:00:00,Store B,Teresa Davis,Seattle,2023-03-29,Jump Rope,Sports,197.16,197.16
10,T0011,C074,P045,3,2023-01-02 16:00:00,Store B,Teresa Wilson,San Diego,2023-08-08,Running Shoes,Sports,400.96,1202.88
11,T0012,C089,P020,1,2023-01-02 20:00:00,Store A,Hannah Lee,San Diego,2023-09-22,Scarf,Clothing,42.03,42.03
12,T0013,C044,P049,1,2023-01-03 00:00:00,Store B,Quinn Singh,Sacramento,2023-05-10,Bicycle,Sports,60.58,60.58
13,T0014,C081,P013,4,2023-01-03 04:00:00,Store A,Charlie Anderson,San Diego,2023-08-29,Sweater,Clothing,145.67,582.68
14,T0015,C022,P038,1,2023-01-03 08:00:00,Store A,Ian Rodriguez,Seattle,2023-03-05,Self-Help,Books,44.68,44.68
15,T0016,C015,P049,2,2023-01-03 12:00:00,Store B,Kevin Jackson,Seattle,2023-02-12,Bicycle,Sports,60.58,121.16
16,T0017,C075,P046,2,2023-01-03 16:00:00,Store B,Alice Wilson,Los Angeles,2023-08-11,Water Bottle,Sports,446.65,893.3
17,T0018,C075,P049,1,2023-01-03 20:00:00,Store B,Alice Wilson,Los Angeles,2023-08-11,Bicycle,Sports,60.58,60.58
18,T0019,C082,P008,2,2023-01-04 00:00:00,Store A,Rachel Rodriguez,San Francisco,2023-09-01,Webcam,Electronics,1376.55,2753.1
19,T0020,C087,P043,1,2023-01-04 04:00:00,Store C,Alice Rodriguez,Los Angeles,2023-09-16,Tennis Racket,Sports,330.23,330.23
20,T0021,C099,P020,2,2023-01-04 08:00:00,Store B,Oscar Chen,Seattle,2023-10-22,Scarf,Clothing,42.03,84.06
21,T0022,C074,P033,1,2023-01-04 12:00:00,Store B,Teresa Wilson,San Diego,2023-08-08,Biography,Books,38.1,38.1
22,T0023,C057,P026,2,2023-01-04 16:00:00,Store B,Ian Chen,Seattle,2023-06-18,Rug,Home & Garden,190.28,380.56
23,T0024,C091,P039,1,2023-01-04 20:00:00,Store A,Alice Davis,Seattle,2023-09-28,Poetry,Books,46.53,46.53
24,T0025,C051,P021,2,2023-01-05 00:00:00,Store A,Fiona Miller,Sacramento,2023-05-31,Coffee Maker,Home & Garden,173.69,347.38
25,T0026,C067,P049,1,2023-01-05 04:00:00,Store C,Quinn Martinez,Seattle,2023-07-18,Bicycle,Sports,60.58,60.58
26,T0027,C021,P042,1,2023-01-05 08:00:00,Store B,Hannah Brown,San Francisco,2023-03-02,Dumbbells,Sports,402.17,402.17
27,T0028,C008,P043,1,2023-01-05 12:00:00,Store A,George Brown,San Diego,2023-01-22,Tennis Racket,Sports,330.23,330.23
28,T0029,C099,P041,1,2023-01-05 16:00:00,Store C,Oscar Chen,Seattle,2023-10-22,Yoga Mat,Sports,258.24,258.24
29,T0030,C093,P009,3,2023-01-05 20:00:00,Store B,Nina Rodriguez,Los Angeles,2023-10-04,USB Cable,Electronics,586.73,1760.19
30,T0031,C085,P024,1,2023-01-06 00:00:00,Store A,Ian Patel,Portland,2023-09-10,Lamp,Home & Garden,177.47,177.47
31,T0032,C065,P037,4,2023-01-06 04:00:00,Store B,Patricia Anderson,Portland,2023-07-12,Travel Guide,Books,42.4,169.6
32,T0033,C038,P049,4,2023-01-06 08:00:00,Store B,Alice Kim,Seattle,2023-04-22,Bicycle,Sports,60.58,242.32
33,T0034,C035,P041,2,2023-01-06 12:00:00,Store A,Quinn Martinez,Sacramento,2023-04-13,Yoga Mat,Sports,258.24,516.48
34,T0035,C048,P017,1,2023-01-06 16:00:00,Store A,Kevin Singh,San Francisco,2023-05-22,Socks,Clothing,70.06,70.06
35,T0036,C076,P024,1,2023-01-06 20:00:00,Store A,Teresa Brown,Los Angeles,2023-08-14,Lamp,Home & Garden,177.47,177.47
36,T0037,C086,P021,3,2023-01-07 00:00:00,Store B,Alice Patel,Portland,2023-09-13,Coffee Maker,Home & Garden,173.69,521.07
37,T0038,C083,P039,1,2023-01-07 04:00:00,Store B,Rachel Martinez,Portland,2023-09-04,Poetry,Books,46.53,46.53
38,T0039,C052,P041,1,2023-01-07 08:00:00,Store C,Charlie Patel,Los Angeles,2023-06-03,Yoga Mat,Sports,258.24,258.24
39,T0040,C099,P039,2,2023-01-07 12:00:00,Store B,Oscar Chen,Seattle,2023-10-22,Poetry,Books,46.53,93.06
40,T0041,C088,P013,3,2023-01-07 16:00:00,Store A,Patricia Patel,San Francisco,2023-09-19,Sweater,Clothing,145.67,437.01
41,T0042,C076,P011,3,2023-01-07 20:00:00,Store B,Teresa Brown,Los Angeles,2023-08-14,T-Shirt,Clothing,140.68,422.04
42,T0043,C080,P046,1,2023-01-08 00:00:00,Store C,Charlie Rodriguez,Seattle,2023-08-26,Water Bottle,Sports,446.65,446.65
43,T0044,C066,P019,2,2023-01-08 04:00:00,Store C,Teresa Davis,San Francisco,2023-07-15,Shorts,Clothing,61.2,122.4
44,T0045,C048,P011,1,2023-01-08 08:00:00,Store A,Kevin Singh,San Francisco,2023-05-22,T-Shirt,Clothing,140.68,140.68
45,T0046,C060,P013,1,2023-01-08 12:00:00,Store A,Alice Brown,Portland,2023-06-27,Sweater,Clothing,145.67,145.67
46,T0047,C089,P046,3,2023-01-08 16:00:00,Store C,Hannah Lee,San Diego,2023-09-22,Water Bottle,Sports,446.65,1339.95
47,T0048,C005,P045,1,2023-01-08 20:00:00,Store C,George Miller,Seattle,2023-01-13,Running Shoes,Sports,400.96,400.96
48,T0049,C028,P001,1,2023-01-09 00:00:00,Store C,Quinn Rodriguez,San Francisco,2023-03-23,Laptop,Electronics,1097.56,1097.56
49,T0050,C014,P040,1,2023-01-09 04:00:00,Store A,Teresa Rodriguez,Seattle,2023-02-09,Reference Book,Books,30.45,30.45
50,T0051,C012,P044,3,2023-01-09 08:00:00,Store C,Fiona Davis,Sacramento,2023-02-03,Soccer Ball,Sports,355.45,1066.35
51,T0052,C094,P019,3,2023-01-09 12:00:00,Store C,Fiona Garcia,San Francisco,2023-10-07,Shorts,Clothing,61.2,183.6
52,T0053,C086,P012,2,2023-01-09 16:00:00,Store A,Alice Patel,Portland,2023-09-13,Jeans,Clothing,75.66,151.32
53,T0054,C070,P008,3,2023-01-09 20:00:00,Store B,Eric Brown,Sacramento,2023-07-27,Webcam,Electronics,1376.55,4129.65
54,T0055,C025,P008,1,2023-01-10 00:00:00,Store B,Laura Wilson,San Francisco,2023-03-14,Webcam,Electronics,1376.55,1376.55
55,T0056,C072,P045,1,2023-01-10 04:00:00,Store C,Charlie Kim,Seattle,2023-08-02,Running Shoes,Sports,400.96,400.96
56,T0057,C070,P012,1,2023-01-10 08:00:00,Store B,Eric Brown,Sacramento,2023-07-27,Jeans,Clothing,75.66,75.66
57,T0058,C038,P048,1,2023-01-10 12:00:00,Store B,Alice Kim,Seattle,2023-04-22,Jump Rope,Sports,197.16,197.16
58,T0059,C067,P033,1,2023-01-10 16:00:00,Store B,Quinn Martinez,Seattle,2023-07-18,Biography,Books,38.1,38.1
59,T0060,C064,P045,4,2023-01-10 20:00:00,Store B,Patricia Jackson,Portland,2023-07-09,Running Shoes,Sports,400.96,1603.84
60,T0061,C080,P026,1,2023-01-11 00:00:00,Store C,Charlie Rodriguez,Seattle,2023-08-26,Rug,Home & Garden,190.28,190.28
61,T0062,C082,P039,1,2023-01-11 04:00:00,Store B,Rachel Rodriguez,San Francisco,2023-09-01,Poetry,Books,46.53,46.53
62,T0063,C013,P028,1,2023-01-11 08:00:00,Store B,Laura Davis,San Diego,2023-02-06,Pillow,Home & Garden,54.92,54.92
63,T0064,C062,P005,1,2023-01-11 12:00:00,Store A,Julia Kim,Portland,2023-07-03,Tablet,Electronics,306.81,306.81
64,T0065,C081,P008,4,2023-01-11 16:00:00,Store C,Charlie Anderson,San Diego,2023-08-29,Webcam,Electronics,1376.55,5506.2
65,T0066,C073,P025,1,2023-01-11 20:00:00,Store A,Patricia Kim,Seattle,2023-08-05,Plant Pot,Home & Garden,42.7,42.7
66,T0067,C094,P027,1,2023-01-12 00:00:00,Store A,Fiona Garcia,San Francisco,2023-10-07,Curtains,Home & Garden,297.17,297.17
67,T0068,C083,P046,3,2023-01-12 04:00:00,Store C,Rachel Martinez,Portland,2023-09-04,Water Bottle,Sports,446.65,1339.95
68,T0069,C036,P023,1,2023-01-12 08:00:00,Store B,Bob Davis,San Diego,2023-04-16,Vacuum,Home & Garden,213.37,213.37
69,T0070,C019,P030,1,2023-01-12 12:00:00,Store A,Ian Kim,Portland,2023-02-24,Picture Frame,Home & Garden,265.05,265.05
70,T0071,C082,P045,1,2023-01-12 16:00:00,Store C,Rachel Rodriguez,San Francisco,2023-09-01,Running Shoes,Sports,400.96,400.96
71,T0072,C008,P047,2,2023-01-12 20:00:00,Store B,George Brown,San Diego,2023-01-22,Resistance Bands,Sports,178.93,357.86
72,T0073,C078,P023,5,2023-01-13 00:00:00,Store C,Diana Garcia,Seattle,2023-08-20,Vacuum,Home & Garden,213.37,1066.85
73,T0074,C098,P049,3,2023-01-13 04:00:00,Store A,Alice Davis,Portland,2023-10-19,Bicycle,Sports,60.58,181.74
74,T0075,C078,P047,1,2023-01-13 08:00:00,Store B,Diana Garcia,Seattle,2023-08-20,Resistance Bands,Sports,178.93,178.93
75,T0076,C063,P020,3,2023-01-13 12:00:00,Store B,George Davis,San Diego,2023-07-06,Scarf,Clothing,42.03,126.09
76,T0077,C082,P018,1,2023-01-13 16:00:00,Store C,Rachel Rodriguez,San Francisco,2023-09-01,Dress,Clothing,130.65,130.65
77,T0078,C069,P018,1,2023-01-13 20:00:00,Store B,Laura Thompson,Seattle,2023-07-24,Dress,Clothing,130.65,130.65
78,T0079,C076,P002,1,2023-01-14 00:00:00,Store A,Teresa Brown,Los Angeles,2023-08-14,Mouse,Electronics,457.12,457.12
79,T0080,C098,P004,1,2023-01-14 04:00:00,Store A,Alice Davis,Portland,2023-10-19,Monitor,Electronics,985.93,985.93
80,T0081,C063,P030,2,2023-01-14 08:00:00,Store A,George Davis,San Diego,2023-07-06,Picture Frame,Home & Garden,265.05,530.1
81,T0082,C099,P033,2,2023-01-14 12:00:00,Store C,Oscar Chen,Seattle,2023-10-22,Biography,Books,38.1,76.2
82,T0083,C096,P036,4,2023-01-14 16:00:00,Store B,Hannah Brown,San Francisco,2023-10-13,Comic Book,Books,42.37,169.48
83,T0084,C041,P018,2,2023-01-14 20:00:00,Store B,Fiona Lee,Seattle,2023-05-01,Dress,Clothing,130.65,261.3
84,T0085,C019,P037,2,2023-01-15 00:00:00,Store B,Ian Kim,Portland,2023-02-24,Travel Guide,Books,42.4,84.8
85,T0086,C026,P019,1,2023-01-15 04:00:00,Store A,Oscar Brown,Los Angeles,2023-03-17,Shorts,Clothing,61.2,61.2
86,T0087,C006,P047,1,2023-01-15 08:00:00,Store B,Oscar Brown,Seattle,2023-01-16,Resistance Bands,Sports,178.93,178.93
87,T0088,C024,P028,2,2023-01-15 12:00:00,Store A,Steve Jackson,Portland,2023-03-11,Pillow,Home & Garden,54.92,109.84
88,T0089,C085,P040,1,2023-01-15 16:00:00,Store B,Ian Patel,Portland,2023-09-10,Reference Book,Books,30.45,30.45
89,T0090,C019,P020,3,2023-01-15 20:00:00,Store A,Ian Kim,Portland,2023-02-24,Scarf,Clothing,42.03,126.09
90,T0091,C056,P049,1,2023-01-16 00:00:00,Store B,George Patel,Sacramento,2023-06-15,Bicycle,Sports,60.58,60.58
91,T0092,C093,P033,1,2023-01-16 04:00:00,Store C,Nina Rodriguez,Los Angeles,2023-10-04,Biography,Books,38.1,38.1
92,T0093,C008,P012,1,2023-01-16 08:00:00,Store C,George Brown,San Diego,2023-01-22,Jeans,Clothing,75.66,75.66
93,T0094,C092,P015,1,2023-01-16 12:00:00,Store A,Steve Garcia,Los Angeles,2023-10-01,Shoes,Clothing,130.89,130.89
94,T0095,C052,P041,1,2023-01-16 16:00:00,Store A,Charlie Patel,Los Angeles,2023-06-03,Yoga Mat,Sports,258.24,258.24
95,T0096,C029,P039,2,2023-01-16 20:00:00,Store B,Quinn Jackson,San Francisco,2023-03-26,Poetry,Books,46.53,93.06
96,T0097,C085,P002,1,2023-01-17 00:00:00,Store B,Ian Patel,Portland,2023-09-10,Mouse,Electronics,457.12,457.12
97,T0098,C081,P029,2,2023-01-17 04:00:00,Store C,Charlie Anderson,San Diego,2023-08-29,Candle,Home & Garden,162.72,325.44
98,T0099,C095,P041,1,2023-01-17 08:00:00,Store B,Michael Kim,Los Angeles,2023-10-10,Yoga Mat,Sports,258.24,258.24
99,T0100,C088,P010,1,2023-01-17 12:00:00,Store A,Patricia Patel,San Francisco,2023-09-19,Power Bank,Electronics,72.41,72.41
100,T0101,C091,P002,1,2023-01-17 16:00:00,Store A,Alice Davis,Seattle,2023-09-28,Mouse,Electronics,457.12,457.12
101,T0102,C052,P011,3,2023-01-17 20:00:00,Store A,Charlie Patel,Los Angeles,2023-06-03,T-Shirt,Clothing,140.68,422.04
102,T0103,C039,P013,1,2023-01-18 00:00:00,Store A,Bob Thompson,Los Angeles,2023-04-25,Sweater,Clothing,145.67,145.67
103,T0104,C088,P010,3,2023-01-18 04:00:00,Store A,Patricia Patel,San Francisco,2023-09-19,Power Bank,Electronics,72.41,217.23
104,T0105,C091,P014,1,2023-01-18 08:00:00,Store C,Alice Davis,Seattle,2023-09-28,Jacket,Clothing,145.27,145.27
105,T0106,C100,P018,3,2023-01-18 12:00:00,Store C,Eric Davis,Seattle,2023-10-25,Dress,Clothing,130.65,391.95
106,T0107,C065,P009,1,2023-01-18 16:00:00,Store A,Patricia Anderson,Portland,2023-07-12,USB Cable,Electronics,586.73,586.73
107,T0108,C062,P039,2,2023-01-18 20:00:00,Store B,Julia Kim,Portland,2023-07-03,Poetry,Books,46.53,93.06
108,T0109,C090,P028,2,2023-01-19 00:00:00,Store A,Charlie Chen,San Francisco,2023-09-25,Pillow,Home & Garden,54.92,109.84
109,T0110,C059,P003,4,2023-01-19 04:00:00,Store C,Rachel Wilson,Seattle,2023-06-24,Keyboard,Electronics,85.26,341.04
110,T0111,C097,P020,1,2023-01-19 08:00:00,Store A,Bob Thompson,San Francisco,2023-10-16,Scarf,Clothing,42.03,42.03
111,T0112,C094,P006,1,2023-01-19 12:00:00,Store C,Fiona Garcia,San Francisco,2023-10-07,Smartphone,Electronics,1413.66,1413.66
112,T0113,C067,P027,1,2023-01-19 16:00:00,Store C,Quinn Martinez,Seattle,2023-07-18,Curtains,Home & Garden,297.17,297.17
113,T0114,C088,P002,3,2023-01-19 20:00:00,Store A,Patricia Patel,San Francisco,2023-09-19,Mouse,Electronics,457.12,1371.36
114,T0115,C089,P029,2,2023-01-20 00:00:00,Store A,Hannah Lee,San Diego,2023-09-22,Candle,Home & Garden,162.72,325.44
115,T0116,C026,P038,3,2023-01-20 04:00:00,Store B,Oscar Brown,Los Angeles,2023-03-17,Self-Help,Books,44.68,134.04
116,T0117,C096,P003,1,2023-01-20 08:00:00,Store C,Hannah Brown,San Francisco,2023-10-13,Keyboard,Electronics,85.26,85.26
117,T0118,C073,P016,1,2023-01-20 12:00:00,Store B,Patricia Kim,Seattle,2023-08-05,Hat,Clothing,58.28,58.28
118,T0119,C092,P030,1,2023-01-20 16:00:00,Store A,Steve Garcia,Los Angeles,2023-10-01,Picture Frame,Home & Garden,265.05,265.05
119,T0120,C056,P040,4,2023-01-20 20:00:00,Store C,George Patel,Sacramento,2023-06-15,Reference Book,Books,30.45,121.8
120,T0121,C096,P002,2,2023-01-21 00:00:00,Store B,Hannah Brown,San Francisco,2023-10-13,Mouse,Electronics,457.12,914.24
121,T0122,C063,P017,4,2023-01-21 04:00:00,Store B,George Davis,San Diego,2023-07-06,Socks,Clothing,70.06,280.24
122,T0123,C004,P041,1,2023-01-21 08:00:00,Store B,Eric Lee,San Francisco,2023-01-10,Yoga Mat,Sports,258.24,258.24
123,T0124,C096,P012,2,2023-01-21 12:00:00,Store A,Hannah Brown,San Francisco,2023-10-13,Jeans,Clothing,75.66,151.32
124,T0125,C024,P035,2,2023-01-21 16:00:00,Store A,Steve Jackson,Portland,2023-03-11,Magazine,Books,21.74,43.48
125,T0126,C056,P043,1,2023-01-21 20:00:00,Store A,George Patel,Sacramento,2023-06-15,Tennis Racket,Sports,330.23,330.23
126,T0127,C098,P001,3,2023-01-22 00:00:00,Store C,Alice Davis,Portland,2023-10-19,Laptop,Electronics,1097.56,3292.68
127,T0128,C098,P045,4,2023-01-22 04:00:00,Store A,Alice Davis,Portland,2023-10-19,Running Shoes,Sports,400.96,1603.84
128,T0129,C078,P015,3,2023-01-22 08:00:00,Store C,Diana Garcia,Seattle,2023-08-20,Shoes,Clothing,130.89,392.67
129,T0130,C081,P026,2,2023-01-22 12:00:00,Store B,Charlie Anderson,San Diego,2023-08-29,Rug,Home & Garden,190.28,380.56
130,T0131,C068,P037,1,2023-01-22 16:00:00,Store B,Alice Rodriguez,San Diego,2023-07-21,Travel Guide,Books,42.4,42.4
131,T0132,C054,P021,1,2023-01-22 20:00:00,Store A,Charlie Singh,San Diego,2023-06-09,Coffee Maker,Home & Garden,173.69,173.69
132,T0133,C057,P049,4,2023-01-23 00:00:00,Store B,Ian Chen,Seattle,2023-06-18,Bicycle,Sports,60.58,242.32
133,T0134,C084,P031,1,2023-01-23 04:00:00,Store A,Charlie Miller,Seattle,2023-09-07,Fiction Novel,Books,39.63,39.63
134,T0135,C089,P025,2,2023-01-23 08:00:00,Store C,Hannah Lee,San Diego,2023-09-22,Plant Pot,Home & Garden,42.7,85.4
135,T0136,C091,P023,2,2023-01-23 12:00:00,Store B,Alice Davis,Seattle,2023-09-28,Vacuum,Home & Garden,213.37,426.74
136,T0137,C091,P024,2,2023-01-23 16:00:00,Store A,Alice Davis,Seattle,2023-09-28,Lamp,Home & Garden,177.47,354.94
137,T0138,C024,P038,5,2023-01-23 20:00:00,Store B,Steve Jackson,Portland,2023-03-11,Self-Help,Books,44.68,223.4
138,T0139,C072,P028,1,2023-01-24 00:00:00,Store B,Charlie Kim,Seattle,2023-08-02,Pillow,Home & Garden,54.92,54.92
139,T0140,C016,P021,1,2023-01-24 04:00:00,Store A,George Rodriguez,Seattle,2023-02-15,Coffee Maker,Home & Garden,173.69,173.69
140,T0141,C076,P043,1,2023-01-24 08:00:00,Store B,Teresa Brown,Los Angeles,2023-08-14,Tennis Racket,Sports,330.23,330.23
141,T0142,C068,P018,1,2023-01-24 12:00:00,Store B,Alice Rodriguez,San Diego,2023-07-21,Dress,Clothing,130.65,130.65
142,T0143,C095,P036,1,2023-01-24 16:00:00,Store B,Michael Kim,Los Angeles,2023-10-10,Comic Book,Books,42.37,42.37
143,T0144,C060,P035,1,2023-01-24 20:00:00,Store B,Alice Brown,Portland,2023-06-27,Magazine,Books,21.74,21.74
144,T0145,C029,P045,3,2023-01-25 00:00:00,Store C,Quinn Jackson,San Francisco,2023-03-26,Running Shoes,Sports,400.96,1202.88
145,T0146,C033,P009,4,2023-01-25 04:00:00,Store B,Eric Chen,Seattle,2023-04-07,USB Cable,Electronics,586.73,2346.92
146,T0147,C089,P038,1,2023-01-25 08:00:00,Store B,Hannah Lee,San Diego,2023-09-22,Self-Help,Books,44.68,44.68
147,T0148,C081,P030,1,2023-01-25 12:00:00,Store A,Charlie Anderson,San Diego,2023-08-29,Picture Frame,Home & Garden,265.05,265.05
148,T0149,C026,P044,4,2023-01-25 16:00:00,Store C,Oscar Brown,Los Angeles,2023-03-17,Soccer Ball,Sports,355.45,1421.8
149,T0150,C022,P034,1,2023-01-25 20:00:00,Store A,Ian Rodriguez,Seattle,2023-03-05,Textbook,Books,24.38,24.38
150,T0151,C086,P032,1,2023-01-26 00:00:00,Store A,Alice Patel,Portland,2023-09-13,Cookbook,Books,37.88,37.88
151,T0152,C020,P003,1,2023-01-26 04:00:00,Store A,George Garcia,Portland,2023-02-27,Keyboard,Electronics,85.26,85.26
152,T0153,C092,P003,2,2023-01-26 08:00:00,Store C,Steve Garcia,Los Angeles,2023-10-01,Keyboard,Electronics,85.26,170.52
153,T0154,C086,P028,1,2023-01-26 12:00:00,Store A,Alice Patel,Portland,2023-09-13,Pillow,Home & Garden,54.92,54.92
154,T0155,C022,P044,4,2023-01-26 16:00:00,Store A,Ian Rodriguez,Seattle,2023-03-05,Soccer Ball,Sports,355.45,1421.8
155,T0156,C022,P015,1,2023-01-26 20:00:00,Store A,Ian Rodriguez,Seattle,2023-03-05,Shoes,Clothing,130.89,130.89
156,T0157,C100,P041,2,2023-01-27 00:00:00,Store B,Eric Davis,Seattle,2023-10-25,Yoga Mat,Sports,258.24,516.48
157,T0158,C062,P023,1,2023-01-27 04:00:00,Store A,Julia Kim,Portland,2023-07-03,Vacuum,Home & Garden,213.37,213.37
158,T0159,C061,P040,1,2023-01-27 08:00:00,Store C,Rachel Lee,Portland,2023-06-30,Reference Book,Books,30.45,30.45
159,T0160,C092,P011,2,2023-01-27 12:00:00,Store C,Steve Garcia,Los Angeles,2023-10-01,T-Shirt,Clothing,140.68,281.36
160,T0161,C098,P048,3,2023-01-27 16:00:00,Store B,Alice Davis,Portland,2023-10-19,Jump Rope,Sports,197.16,591.48
161,T0162,C100,P032,3,2023-01-27 20:00:00,Store C,Eric Davis,Seattle,2023-10-25,Cookbook,Books,37.88,113.64
162,T0163,C089,P036,2,2023-01-28 00:00:00,Store C,Hannah Lee,San Diego,2023-09-22,Comic Book,Books,42.37,84.74
163,T0164,C062,P033,4,2023-01-28 04:00:00,Store B,Julia Kim,Portland,2023-07-03,Biography,Books,38.1,152.4
164,T0165,C022,P024,3,2023-01-28 08:00:00,Store A,Ian Rodriguez,Seattle,2023-03-05,Lamp,Home & Garden,177.47,532.41
165,T0166,C090,P039,3,2023-01-28 12:00:00,Store B,Charlie Chen,San Francisco,2023-09-25,Poetry,Books,46.53,139.59
166,T0167,C077,P034,1,2023-01-28 16:00:00,Store A,Quinn Wilson,Los Angeles,2023-08-17,Textbook,Books,24.38,24.38
167,T0168,C066,P028,1,2023-01-28 20:00:00,Store A,Teresa Davis,San Francisco,2023-07-15,Pillow,Home & Garden,54.92,54.92
168,T0169,C096,P037,1,2023-01-29 00:00:00,Store C,Hannah Brown,San Francisco,2023-10-13,Travel Guide,Books,42.4,42.4
169,T0170,C028,P007,2,2023-01-29 04:00:00,Store B,Quinn Rodriguez,San Francisco,2023-03-23,Headphones,Electronics,1433.2,2866.4
170,T0171,C072,P004,1,2023-01-29 08:00:00,Store C,Charlie Kim,Seattle,2023-08-02,Monitor,Electronics,985.93,985.93
171,T0172,C004,P037,1,2023-01-29 12:00:00,Store C,Eric Lee,San Francisco,2023-01-10,Travel Guide,Books,42.4,42.4
172,T0173,C070,P001,3,2023-01-29 16:00:00,Store A,Eric Brown,Sacramento,2023-07-27,Laptop,Electronics,1097.56,3292.68
173,T0174,C016,P001,3,2023-01-29 20:00:00,Store C,George Rodriguez,Seattle,2023-02-15,Laptop,Electronics,1097.56,3292.68
174,T0175,C029,P047,4,2023-01-30 00:00:00,Store B,Quinn Jackson,San Francisco,2023-03-26,Resistance Bands,Sports,178.93,715.72
175,T0176,C029,P020,1,2023-01-30 04:00:00,Store C,Quinn Jackson,San Francisco,2023-03-26,Scarf,Clothing,42.03,42.03
176,T0177,C083,P019,2,2023-01-30 08:00:00,Store C,Rachel Martinez,Portland,2023-09-04,Shorts,Clothing,61.2,122.4
177,T0178,C088,P029,1,2023-01-30 12:00:00,Store A,Patricia Patel,San Francisco,2023-09-19,Candle,Home & Garden,162.72,162.72
178,T0179,C078,P010,1,2023-01-30 16:00:00,Store B,Diana Garcia,Seattle,2023-08-20,Power Bank,Electronics,72.41,72.41
179,T0180,C099,P018,1,2023-01-30 20:00:00,Store C,Oscar Chen,Seattle,2023-10-22,Dress,Clothing,130.65,130.65
180,T0181,C062,P028,1,2023-01-31 00:00:00,Store A,Julia Kim,Portland,2023-07-03,Pillow,Home & Garden,54.92,54.92
181,T0182,C053,P035,1,2023-01-31 04:00:00,Store C,Diana Kim,Sacramento,2023-06-06,Magazine,Books,21.74,21.74
182,T0183,C095,P043,3,2023-01-31 08:00:00,Store B,Michael Kim,Los Angeles,2023-10-10,Tennis Racket,Sports,330.23,990.69
183,T0184,C045,P047,1,2023-01-31 12:00:00,Store C,Fiona Wilson,Portland,2023-05-13,Resistance Bands,Sports,178.93,178.93
184,T0185,C099,P031,2,2023-01-31 16:00:00,Store C,Oscar Chen,Seattle,2023-10-22,Fiction Novel,Books,39.63,79.26
185,T0186,C004,P027,2,2023-01-31 20:00:00,Store A,Eric Lee,San Francisco,2023-01-10,Curtains,Home & Garden,297.17,594.34
186,T0187,C099,P011,1,2023-02-01 00:00:00,Store C,Oscar Chen,Seattle,2023-10-22,T-Shirt,Clothing,140.68,140.68
187,T0188,C013,P049,1,2023-02-01 04:00:00,Store A,Laura Davis,San Diego,2023-02-06,Bicycle,Sports,60.58,60.58
188,T0189,C096,P049,1,2023-02-01 08:00:00,Store B,Hannah Brown,San Francisco,2023-10-13,Bicycle,Sports,60.58,60.58
189,T0190,C074,P038,2,2023-02-01 12:00:00,Store C,Teresa Wilson,San Diego,2023-08-08,Self-Help,Books,44.68,89.36
190,T0191,C100,P005,1,2023-02-01 16:00:00,Store B,Eric Davis,Seattle,2023-10-25,Tablet,Electronics,306.81,306.81
191,T0192,C020,P008,1,2023-02-01 20:00:00,Store B,George Garcia,Portland,2023-02-27,Webcam,Electronics,1376.55,1376.55
192,T0193,C076,P034,1,2023-02-02 00:00:00,Store C,Teresa Brown,Los Angeles,2023-08-14,Textbook,Books,24.38,24.38
193,T0194,C099,P048,2,2023-02-02 04:00:00,Store A,Oscar Chen,Seattle,2023-10-22,Jump Rope,Sports,197.16,394.32
194,T0195,C074,P012,4,2023-02-02 08:00:00,Store B,Teresa Wilson,San Diego,2023-08-08,Jeans,Clothing,75.66,302.64
195,T0196,C081,P038,1,2023-02-02 12:00:00,Store B,Charlie Anderson,San Diego,2023-08-29,Self-Help,Books,44.68,44.68
196,T0197,C085,P001,2,2023-02-02 16:00:00,Store C,Ian Patel,Portland,2023-09-10,Laptop,Electronics,1097.56,2195.12
197,T0198,C069,P031,2,2023-02-02 20:00:00,Store C,Laura Thompson,Seattle,2023-07-24,Fiction Novel,Books,39.63,79.26
198,T0199,C081,P004,4,2023-02-03 00:00:00,Store C,Charlie Anderson,San Diego,2023-08-29,Monitor,Electronics,985.93,3943.72
199,T0200,C078,P049,3,2023-02-03 04:00:00,Store C,Diana Garcia,Seattle,2023-08-20,Bicycle,Sports,60.58,181.74
200,T0201,C096,P045,2,2023-02-03 08:00:00,Store C,Hannah Brown,San Francisco,2023-10-13,Running Shoes,Sports,400.96,801.92
201,T0202,C013,P050,2,2023-02-03 12:00:00,Store C,Laura Davis,San Diego,2023-02-06,Skateboard,Sports,295.47,590.94
202,T0203,C052,P005,3,2023-02-03 16:00:00,Store A,Charlie Patel,Los Angeles,2023-06-03,Tablet,Electronics,306.81,920.43
203,T0204,C098,P030,1,2023-02-03 20:00:00,Store B,Alice Davis,Portland,2023-10-19,Picture Frame,Home & Garden,265.05,265.05
204,T0205,C096,P024,1,2023-02-04 00:00:00,Store A,Hannah Brown,San Francisco,2023-10-13,Lamp,Home & Garden,177.47,177.47
205,T0206,C069,P003,1,2023-02-04 04:00:00,Store A,Laura Thompson,Seattle,2023-07-24,Keyboard,Electronics,85.26,85.26
206,T0207,C081,P011,3,2023-02-04 08:00:00,Store C,Charlie Anderson,San Diego,2023-08-29,T-Shirt,Clothing,140.68,422.04
207,T0208,C052,P045,3,2023-02-04 12:00:00,Store B,Charlie Patel,Los Angeles,2023-06-03,Running Shoes,Sports,400.96,1202.88
208,T0209,C040,P004,1,2023-02-04 16:00:00,Store A,Laura Jackson,Portland,2023-04-28,Monitor,Electronics,985.93,985.93
209,T0210,C070,P026,2,2023-02-04 20:00:00,Store C,Eric Brown,Sacramento,2023-07-27,Rug,Home & Garden,190.28,380.56
210,T0211,C060,P027,1,2023-02-05 00:00:00,Store C,Alice Brown,Portland,2023-06-27,Curtains,Home & Garden,297.17,297.17
211,T0212,C078,P046,1,2023-02-05 04:00:00,Store B,Diana Garcia,Seattle,2023-08-20,Water Bottle,Sports,446.65,446.65
212,T0213,C021,P043,5,2023-02-05 08:00:00,Store A,Hannah Brown,San Francisco,2023-03-02,Tennis Racket,Sports,330.23,1651.15
213,T0214,C099,P027,1,2023-02-05 12:00:00,Store A,Oscar Chen,Seattle,2023-10-22,Curtains,Home & Garden,297.17,297.17
214,T0215,C100,P042,1,2023-02-05 16:00:00,Store A,Eric Davis,Seattle,2023-10-25,Dumbbells,Sports,402.17,402.17
215,T0216,C085,P050,2,2023-02-05 20:00:00,Store C,Ian Patel,Portland,2023-09-10,Skateboard,Sports,295.47,590.94
216,T0217,C075,P006,2,2023-02-06 00:00:00,Store B,Alice Wilson,Los Angeles,2023-08-11,Smartphone,Electronics,1413.66,2827.32
217,T0218,C055,P015,1,2023-02-06 04:00:00,Store B,Steve Patel,San Francisco,2023-06-12,Shoes,Clothing,130.89,130.89
218,T0219,C092,P030,2,2023-02-06 08:00:00,Store A,Steve Garcia,Los Angeles,2023-10-01,Picture Frame,Home & Garden,265.05,530.1
219,T0220,C085,P042,2,2023-02-06 12:00:00,Store C,Ian Patel,Portland,2023-09-10,Dumbbells,Sports,402.17,804.34
220,T0221,C036,P037,1,2023-02-06 16:00:00,Store A,Bob Davis,San Diego,2023-04-16,Travel Guide,Books,42.4,42.4
221,T0222,C097,P037,1,2023-02-06 20:00:00,Store B,Bob Thompson,San Francisco,2023-10-16,Travel Guide,Books,42.4,42.4
222,T0223,C092,P042,2,2023-02-07 00:00:00,Store C,Steve Garcia,Los Angeles,2023-10-01,Dumbbells,Sports,402.17,804.34
223,T0224,C098,P037,1,2023-02-07 04:00:00,Store A,Alice Davis,Portland,2023-10-19,Travel Guide,Books,42.4,42.4
224,T0225,C087,P035,4,2023-02-07 08:00:00,Store A,Alice Rodriguez,Los Angeles,2023-09-16,Magazine,Books,21.74,86.96
225,T0226,C080,P023,3,2023-02-07 12:00:00,Store C,Charlie Rodriguez,Seattle,2023-08-26,Vacuum,Home & Garden,213.37,640.11
226,T0227,C066,P006,5,2023-02-07 16:00:00,Store B,Teresa Davis,San Francisco,2023-07-15,Smartphone,Electronics,1413.66,7068.3
227,T0228,C098,P004,1,2023-02-07 20:00:00,Store C,Alice Davis,Portland,2023-10-19,Monitor,Electronics,985.93,985.93
228,T0229,C094,P018,4,2023-02-08 00:00:00,Store A,Fiona Garcia,San Francisco,2023-10-07,Dress,Clothing,130.65,522.6
229,T0230,C013,P009,1,2023-02-08 04:00:00,Store A,Laura Davis,San Diego,2023-02-06,USB Cable,Electronics,586.73,586.73
230,T0231,C008,P049,1,2023-02-08 08:00:00,Store A,George Brown,San Diego,2023-01-22,Bicycle,Sports,60.58,60.58
231,T0232,C062,P029,1,2023-02-08 12:00:00,Store A,Julia Kim,Portland,2023-07-03,Candle,Home & Garden,162.72,162.72
232,T0233,C092,P013,1,2023-02-08 16:00:00,Store B,Steve Garcia,Los Angeles,2023-10-01,Sweater,Clothing,145.67,145.67
233,T0234,C100,P047,2,2023-02-08 20:00:00,Store B,Eric Davis,Seattle,2023-10-25,Resistance Bands,Sports,178.93,357.86
234,T0235,C034,P017,1,2023-02-09 00:00:00,Store A,Quinn Brown,Sacramento,2023-04-10,Socks,Clothing,70.06,70.06
235,T0236,C079,P045,1,2023-02-09 04:00:00,Store B,Hannah Patel,Portland,2023-08-23,Running Shoes,Sports,400.96,400.96
236,T0237,C062,P032,2,2023-02-09 08:00:00,Store B,Julia Kim,Portland,2023-07-03,Cookbook,Books,37.88,75.76
237,T0238,C099,P048,1,2023-02-09 12:00:00,Store B,Oscar Chen,Seattle,2023-10-22,Jump Rope,Sports,197.16,197.16
238,T0239,C093,P022,2,2023-02-09 16:00:00,Store A,Nina Rodriguez,Los Angeles,2023-10-04,Blender,Home & Garden,281.8,563.6
239,T0240,C093,P004,1,2023-02-09 20:00:00,Store C,Nina Rodriguez,Los Angeles,2023-10-04,Monitor,Electronics,985.93,985.93
240,T0241,C070,P005,3,2023-02-10 00:00:00,Store C,Eric Brown,Sacramento,2023-07-27,Tablet,Electronics,306.81,920.43
241,T0242,C065,P037,3,2023-02-10 04:00:00,Store C,Patricia Anderson,Portland,2023-07-12,Travel Guide,Books,42.4,127.2
242,T0243,C051,P041,1,2023-02-10 08:00:00,Store A,Fiona Miller,Sacramento,2023-05-31,Yoga Mat,Sports,258.24,258.24
243,T0244,C016,P049,1,2023-02-10 12:00:00,Store B,George Rodriguez,Seattle,2023-02-15,Bicycle,Sports,60.58,60.58
244,T0245,C094,P013,1,2023-02-10 16:00:00,Store B,Fiona Garcia,San Francisco,2023-10-07,Sweater,Clothing,145.67,145.67
245,T0246,C092,P034,3,2023-02-10 20:00:00,Store A,Steve Garcia,Los Angeles,2023-10-01,Textbook,Books,24.38,73.14
246,T0247,C100,P045,1,2023-02-11 00:00:00,Store A,Eric Davis,Seattle,2023-10-25,Running Shoes,Sports,400.96,400.96
247,T0248,C100,P022,1,2023-02-11 04:00:00,Store C,Eric Davis,Seattle,2023-10-25,Blender,Home & Garden,281.8,281.8
248,T0249,C076,P023,1,2023-02-11 08:00:00,Store C,Teresa Brown,Los Angeles,2023-08-14,Vacuum,Home & Garden,213.37,213.37
249,T0250,C089,P003,1,2023-02-11 12:00:00,Store A,Hannah Lee,San Diego,2023-09-22,Keyboard,Electronics,85.26,85.26
250,T0251,C098,P042,1,2023-02-11 16:00:00,Store C,Alice Davis,Portland,2023-10-19,Dumbbells,Sports,402.17,402.17
251,T0252,C094,P034,3,2023-02-11 20:00:00,Store B,Fiona Garcia,San Francisco,2023-10-07,Textbook,Books,24.38,73.14
252,T0253,C048,P032,1,2023-02-12 00:00:00,Store A,Kevin Singh,San Francisco,2023-05-22,Cookbook,Books,37.88,37.88
253,T0254,C068,P045,1,2023-02-12 04:00:00,Store A,Alice Rodriguez,San Diego,2023-07-21,Running Shoes,Sports,400.96,400.96
254,T0255,C031,P049,3,2023-02-12 08:00:00,Store B,George Martinez,San Francisco,2023-04-01,Bicycle,Sports,60.58,181.74
255,T0256,C098,P021,3,2023-02-12 12:00:00,Store B,Alice Davis,Portland,2023-10-19,Coffee Maker,Home & Garden,173.69,521.07
256,T0257,C080,P046,1,2023-02-12 16:00:00,Store B,Charlie Rodriguez,Seattle,2023-08-26,Water Bottle,Sports,446.65,446.65
257,T0258,C046,P044,1,2023-02-12 20:00:00,Store C,Eric Patel,Los Angeles,2023-05-16,Soccer Ball,Sports,355.45,355.45
258,T0259,C084,P021,1,2023-02-13 00:00:00,Store A,Charlie Miller,Seattle,2023-09-07,Coffee Maker,Home & Garden,173.69,173.69
259,T0260,C081,P044,4,2023-02-13 04:00:00,Store C,Charlie Anderson,San Diego,2023-08-29,Soccer Ball,Sports,355.45,1421.8
260,T0261,C060,P011,1,2023-02-13 08:00:00,Store B,Alice Brown,Portland,2023-06-27,T-Shirt,Clothing,140.68,140.68
261,T0262,C028,P039,4,2023-02-13 12:00:00,Store C,Quinn Rodriguez,San Francisco,2023-03-23,Poetry,Books,46.53,186.12
262,T0263,C084,P004,2,2023-02-13 16:00:00,Store B,Charlie Miller,Seattle,2023-09-07,Monitor,Electronics,985.93,1971.86
263,T0264,C074,P001,2,2023-02-13 20:00:00,Store C,Teresa Wilson,San Diego,2023-08-08,Laptop,Electronics,1097.56,2195.12
264,T0265,C090,P028,1,2023-02-14 00:00:00,Store C,Charlie Chen,San Francisco,2023-09-25,Pillow,Home & Garden,54.92,54.92
265,T0266,C074,P024,1,2023-02-14 04:00:00,Store B,Teresa Wilson,San Diego,2023-08-08,Lamp,Home & Garden,177.47,177.47
266,T0267,C094,P035,1,2023-02-14 08:00:00,Store C,Fiona Garcia,San Francisco,2023-10-07,Magazine,Books,21.74,21.74
267,T0268,C076,P013,1,2023-02-14 12:00:00,Store A,Teresa Brown,Los Angeles,2023-08-14,Sweater,Clothing,145.67,145.67
268,T0269,C077,P047,2,2023-02-14 16:00:00,Store C,Quinn Wilson,Los Angeles,2023-08-17,Resistance Bands,Sports,178.93,357.86
269,T0270,C095,P034,5,2023-02-14 20:00:00,Store C,Michael Kim,Los Angeles,2023-10-10,Textbook,Books,24.38,121.9
270,T0271,C064,P011,2,2023-02-15 00:00:00,Store A,Patricia Jackson,Portland,2023-07-09,T-Shirt,Clothing,140.68,281.36
271,T0272,C032,P036,2,2023-02-15 04:00:00,Store B,Charlie Chen,Seattle,2023-04-04,Comic Book,Books,42.37,84.74
272,T0273,C009,P017,1,2023-02-15 08:00:00,Store A,Steve Garcia,San Francisco,2023-01-25,Socks,Clothing,70.06,70.06
273,T0274,C089,P035,1,2023-02-15 12:00:00,Store C,Hannah Lee,San Diego,2023-09-22,Magazine,Books,21.74,21.74
274,T0275,C081,P018,1,2023-02-15 16:00:00,Store B,Charlie Anderson,San Diego,2023-08-29,Dress,Clothing,130.65,130.65
275,T0276,C086,P040,2,2023-02-15 20:00:00,Store C,Alice Patel,Portland,2023-09-13,Reference Book,Books,30.45,60.9
276,T0277,C044,P022,4,2023-02-16 00:00:00,Store C,Quinn Singh,Sacramento,2023-05-10,Blender,Home & Garden,281.8,1127.2
277,T0278,C032,P024,2,2023-02-16 04:00:00,Store A,Charlie Chen,Seattle,2023-04-04,Lamp,Home & Garden,177.47,354.94
278,T0279,C005,P019,1,2023-02-16 08:00:00,Store A,George Miller,Seattle,2023-01-13,Shorts,Clothing,61.2,61.2
279,T0280,C059,P037,1,2023-02-16 12:00:00,Store B,Rachel Wilson,Seattle,2023-06-24,Travel Guide,Books,42.4,42.4
280,T0281,C079,P039,2,2023-02-16 16:00:00,Store B,Hannah Patel,Portland,2023-08-23,Poetry,Books,46.53,93.06
281,T0282,C063,P021,1,2023-02-16 20:00:00,Store B,George Davis,San Diego,2023-07-06,Coffee Maker,Home & Garden,173.69,173.69
282,T0283,C067,P008,3,2023-02-17 00:00:00,Store C,Quinn Martinez,Seattle,2023-07-18,Webcam,Electronics,1376.55,4129.65
283,T0284,C096,P028,3,2023-02-17 04:00:00,Store A,Hannah Brown,San Francisco,2023-10-13,Pillow,Home & Garden,54.92,164.76
284,T0285,C059,P005,2,2023-02-17 08:00:00,Store A,Rachel Wilson,Seattle,2023-06-24,Tablet,Electronics,306.81,613.62
285,T0286,C073,P017,1,2023-02-17 12:00:00,Store A,Patricia Kim,Seattle,2023-08-05,Socks,Clothing,70.06,70.06
286,T0287,C090,P037,1,2023-02-17 16:00:00,Store B,Charlie Chen,San Francisco,2023-09-25,Travel Guide,Books,42.4,42.4
287,T0288,C064,P036,1,2023-02-17 20:00:00,Store A,Patricia Jackson,Portland,2023-07-09,Comic Book,Books,42.37,42.37
288,T0289,C081,P019,1,2023-02-18 00:00:00,Store A,Charlie Anderson,San Diego,2023-08-29,Shorts,Clothing,61.2,61.2
289,T0290,C094,P027,1,2023-02-18 04:00:00,Store A,Fiona Garcia,San Francisco,2023-10-07,Curtains,Home & Garden,297.17,297.17
290,T0291,C098,P034,2,2023-02-18 08:00:00,Store B,Alice Davis,Portland,2023-10-19,Textbook,Books,24.38,48.76
291,T0292,C034,P011,2,2023-02-18 12:00:00,Store A,Quinn Brown,Sacramento,2023-04-10,T-Shirt,Clothing,140.68,281.36
292,T0293,C097,P045,1,2023-02-18 16:00:00,Store B,Bob Thompson,San Francisco,2023-10-16,Running Shoes,Sports,400.96,400.96
293,T0294,C072,P047,1,2023-02-18 20:00:00,Store A,Charlie Kim,Seattle,2023-08-02,Resistance Bands,Sports,178.93,178.93
294,T0295,C049,P012,1,2023-02-19 00:00:00,Store A,Patricia Chen,San Francisco,2023-05-25,Jeans,Clothing,75.66,75.66
295,T0296,C069,P021,1,2023-02-19 04:00:00,Store A,Laura Thompson,Seattle,2023-07-24,Coffee Maker,Home & Garden,173.69,173.69
296,T0297,C100,P011,3,2023-02-19 08:00:00,Store B,Eric Davis,Seattle,2023-10-25,T-Shirt,Clothing,140.68,422.04
297,T0298,C072,P039,1,2023-02-19 12:00:00,Store B,Charlie Kim,Seattle,2023-08-02,Poetry,Books,46.53,46.53
298,T0299,C057,P028,1,2023-02-19 16:00:00,Store A,Ian Chen,Seattle,2023-06-18,Pillow,Home & Garden,54.92,54.92
299,T0300,C082,P005,1,2023-02-19 20:00:00,Store C,Rachel Rodriguez,San Francisco,2023-09-01,Tablet,Electronics,306.81,306.81
300,T0301,C047,P017,3,2023-02-20 00:00:00,Store B,Bob Garcia,Portland,2023-05-19,Socks,Clothing,70.06,210.18
301,T0302,C020,P020,2,2023-02-20 04:00:00,Store B,George Garcia,Portland,2023-02-27,Scarf,Clothing,42.03,84.06
302,T0303,C031,P041,1,2023-02-20 08:00:00,Store A,George Martinez,San Francisco,2023-04-01,Yoga Mat,Sports,258.24,258.24
303,T0304,C031,P046,2,2023-02-20 12:00:00,Store C,George Martinez,San Francisco,2023-04-01,Water Bottle,Sports,446.65,893.3
304,T0305,C035,P012,2,2023-02-20 16:00:00,Store A,Quinn Martinez,Sacramento,2023-04-13,Jeans,Clothing,75.66,151.32
305,T0306,C032,P006,4,2023-02-20 20:00:00,Store B,Charlie Chen,Seattle,2023-04-04,Smartphone,Electronics,1413.66,5654.64
306,T0307,C082,P017,1,2023-02-21 00:00:00,Store B,Rachel Rodriguez,San Francisco,2023-09-01,Socks,Clothing,70.06,70.06
307,T0308,C039,P019,3,2023-02-21 04:00:00,Store A,Bob Thompson,Los Angeles,2023-04-25,Shorts,Clothing,61.2,183.6
308,T0309,C059,P026,4,2023-02-21 08:00:00,Store A,Rachel Wilson,Seattle,2023-06-24,Rug,Home & Garden,190.28,761.12
309,T0310,C096,P048,4,2023-02-21 12:00:00,Store C,Hannah Brown,San Francisco,2023-10-13,Jump Rope,Sports,197.16,788.64
310,T0311,C070,P044,2,2023-02-21 16:00:00,Store C,Eric Brown,Sacramento,2023-07-27,Soccer Ball,Sports,355.45,710.9
311,T0312,C084,P044,2,2023-02-21 20:00:00,Store B,Charlie Miller,Seattle,2023-09-07,Soccer Ball,Sports,355.45,710.9
312,T0313,C038,P032,1,2023-02-22 00:00:00,Store C,Alice Kim,Seattle,2023-04-22,Cookbook,Books,37.88,37.88
313,T0314,C041,P006,3,2023-02-22 04:00:00,Store C,Fiona Lee,Seattle,2023-05-01,Smartphone,Electronics,1413.66,4240.98
314,T0315,C012,P036,2,2023-02-22 08:00:00,Store B,Fiona Davis,Sacramento,2023-02-03,Comic Book,Books,42.37,84.74
315,T0316,C037,P038,2,2023-02-22 12:00:00,Store B,Eric Chen,Portland,2023-04-19,Self-Help,Books,44.68,89.36
316,T0317,C052,P011,1,2023-02-22 16:00:00,Store B,Charlie Patel,Los Angeles,2023-06-03,T-Shirt,Clothing,140.68,140.68
317,T0318,C039,P033,2,2023-02-22 20:00:00,Store B,Bob Thompson,Los Angeles,2023-04-25,Biography,Books,38.1,76.2
318,T0319,C023,P024,3,2023-02-23 00:00:00,Store A,Eric Chen,Portland,2023-03-08,Lamp,Home & Garden,177.47,532.41
319,T0320,C029,P023,1,2023-02-23 04:00:00,Store B,Quinn Jackson,San Francisco,2023-03-26,Vacuum,Home & Garden,213.37,213.37
320,T0321,C069,P015,3,2023-02-23 08:00:00,Store B,Laura Thompson,Seattle,2023-07-24,Shoes,Clothing,130.89,392.67
321,T0322,C043,P027,2,2023-02-23 12:00:00,Store B,Kevin Wilson,Seattle,2023-05-07,Curtains,Home & Garden,297.17,594.34
322,T0323,C061,P011,3,2023-02-23 16:00:00,Store C,Rachel Lee,Portland,2023-06-30,T-Shirt,Clothing,140.68,422.04
323,T0324,C073,P050,1,2023-02-23 20:00:00,Store B,Patricia Kim,Seattle,2023-08-05,Skateboard,Sports,295.47,295.47
324,T0325,C085,P017,1,2023-02-24 00:00:00,Store A,Ian Patel,Portland,2023-09-10,Socks,Clothing,70.06,70.06
325,T0326,C012,P014,4,2023-02-24 04:00:00,Store A,Fiona Davis,Sacramento,2023-02-03,Jacket,Clothing,145.27,581.08
326,T0327,C091,P027,1,2023-02-24 08:00:00,Store B,Alice Davis,Seattle,2023-09-28,Curtains,Home & Garden,297.17,297.17
327,T0328,C081,P018,3,2023-02-24 12:00:00,Store A,Charlie Anderson,San Diego,2023-08-29,Dress,Clothing,130.65,391.95
328,T0329,C022,P028,1,2023-02-24 16:00:00,Store C,Ian Rodriguez,Seattle,2023-03-05,Pillow,Home & Garden,54.92,54.92
329,T0330,C095,P047,2,2023-02-24 20:00:00,Store B,Michael Kim,Los Angeles,2023-10-10,Resistance Bands,Sports,178.93,357.86
330,T0331,C097,P047,1,2023-02-25 00:00:00,Store A,Bob Thompson,San Francisco,2023-10-16,Resistance Bands,Sports,178.93,178.93
331,T0332,C017,P004,2,2023-02-25 04:00:00,Store A,Alice Chen,Portland,2023-02-18,Monitor,Electronics,985.93,1971.86
332,T0333,C052,P007,1,2023-02-25 08:00:00,Store B,Charlie Patel,Los Angeles,2023-06-03,Headphones,Electronics,1433.2,1433.2
333,T0334,C091,P045,1,2023-02-25 12:00:00,Store A,Alice Davis,Seattle,2023-09-28,Running Shoes,Sports,400.96,400.96
334,T0335,C088,P035,1,2023-02-25 16:00:00,Store B,Patricia Patel,San Francisco,2023-09-19,Magazine,Books,21.74,21.74
335,T0336,C040,P048,1,2023-02-25 20:00:00,Store A,Laura Jackson,Portland,2023-04-28,Jump Rope,Sports,197.16,197.16
336,T0337,C043,P009,5,2023-02-26 00:00:00,Store C,Kevin Wilson,Seattle,2023-05-07,USB Cable,Electronics,586.73,2933.65
337,T0338,C061,P008,4,2023-02-26 04:00:00,Store A,Rachel Lee,Portland,2023-06-30,Webcam,Electronics,1376.55,5506.2
338,T0339,C071,P045,1,2023-02-26 08:00:00,Store A,Ian Anderson,Los Angeles,2023-07-30,Running Shoes,Sports,400.96,400.96
339,T0340,C081,P017,2,2023-02-26 12:00:00,Store B,Charlie Anderson,San Diego,2023-08-29,Socks,Clothing,70.06,140.12
340,T0341,C061,P017,1,2023-02-26 16:00:00,Store A,Rachel Lee,Portland,2023-06-30,Socks,Clothing,70.06,70.06
341,T0342,C069,P049,2,2023-02-26 20:00:00,Store B,Laura Thompson,Seattle,2023-07-24,Bicycle,Sports,60.58,121.16
342,T0343,C088,P033,3,2023-02-27 00:00:00,Store C,Patricia Patel,San Francisco,2023-09-19,Biography,Books,38.1,114.3
343,T0344,C011,P032,4,2023-02-27 04:00:00,Store B,Michael Rodriguez,Seattle,2023-01-31,Cookbook,Books,37.88,151.52
344,T0345,C049,P008,1,2023-02-27 08:00:00,Store B,Patricia Chen,San Francisco,2023-05-25,Webcam,Electronics,1376.55,1376.55
345,T0346,C086,P019,3,2023-02-27 12:00:00,Store A,Alice Patel,Portland,2023-09-13,Shorts,Clothing,61.2,183.6
346,T0347,C096,P038,1,2023-02-27 16:00:00,Store C,Hannah Brown,San Francisco,2023-10-13,Self-Help,Books,44.68,44.68
347,T0348,C073,P003,5,2023-02-27 20:00:00,Store B,Patricia Kim,Seattle,2023-08-05,Keyboard,Electronics,85.26,426.3
348,T0349,C075,P005,1,2023-02-28 00:00:00,Store A,Alice Wilson,Los Angeles,2023-08-11,Tablet,Electronics,306.81,306.81
349,T0350,C027,P013,2,2023-02-28 04:00:00,Store A,Ian Patel,Seattle,2023-03-20,Sweater,Clothing,145.67,291.34
350,T0351,C068,P047,2,2023-02-28 08:00:00,Store B,Alice Rodriguez,San Diego,2023-07-21,Resistance Bands,Sports,178.93,357.86
351,T0352,C075,P046,2,2023-02-28 12:00:00,Store A,Alice Wilson,Los Angeles,2023-08-11,Water Bottle,Sports,446.65,893.3
352,T0353,C048,P031,1,2023-02-28 16:00:00,Store B,Kevin Singh,San Francisco,2023-05-22,Fiction Novel,Books,39.63,39.63
353,T0354,C051,P016,4,2023-02-28 20:00:00,Store B,Fiona Miller,Sacramento,2023-05-31,Hat,Clothing,58.28,233.12
354,T0355,C062,P050,1,2023-03-01 00:00:00,Store B,Julia Kim,Portland,2023-07-03,Skateboard,Sports,295.47,295.47
355,T0356,C007,P032,2,2023-03-01 04:00:00,Store C,Diana Miller,Seattle,2023-01-19,Cookbook,Books,37.88,75.76
356,T0357,C057,P022,1,2023-03-01 08:00:00,Store B,Ian Chen,Seattle,2023-06-18,Blender,Home & Garden,281.8,281.8
357,T0358,C043,P029,1,2023-03-01 12:00:00,Store A,Kevin Wilson,Seattle,2023-05-07,Candle,Home & Garden,162.72,162.72
358,T0359,C057,P022,2,2023-03-01 16:00:00,Store C,Ian Chen,Seattle,2023-06-18,Blender,Home & Garden,281.8,563.6
359,T0360,C029,P043,1,2023-03-01 20:00:00,Store A,Quinn Jackson,San Francisco,2023-03-26,Tennis Racket,Sports,330.23,330.23
360,T0361,C096,P003,1,2023-03-02 00:00:00,Store C,Hannah Brown,San Francisco,2023-10-13,Keyboard,Electronics,85.26,85.26
361,T0362,C079,P010,1,2023-03-02 04:00:00,Store C,Hannah Patel,Portland,2023-08-23,Power Bank,Electronics,72.41,72.41
362,T0363,C084,P042,1,2023-03-02 08:00:00,Store C,Charlie Miller,Seattle,2023-09-07,Dumbbells,Sports,402.17,402.17
363,T0364,C091,P021,3,2023-03-02 12:00:00,Store C,Alice Davis,Seattle,2023-09-28,Coffee Maker,Home & Garden,173.69,521.07
364,T0365,C072,P016,3,2023-03-02 16:00:00,Store A,Charlie Kim,Seattle,2023-08-02,Hat,Clothing,58.28,174.84
365,T0366,C023,P012,1,2023-03-02 20:00:00,Store B,Eric Chen,Portland,2023-03-08,Jeans,Clothing,75.66,75.66
366,T0367,C075,P002,1,2023-03-03 00:00:00,Store A,Alice Wilson,Los Angeles,2023-08-11,Mouse,Electronics,457.12,457.12
367,T0368,C079,P041,1,2023-03-03 04:00:00,Store B,Hannah Patel,Portland,2023-08-23,Yoga Mat,Sports,258.24,258.24
368,T0369,C088,P024,1,2023-03-03 08:00:00,Store A,Patricia Patel,San Francisco,2023-09-19,Lamp,Home & Garden,177.47,177.47
369,T0370,C067,P035,2,2023-03-03 12:00:00,Store C,Quinn Martinez,Seattle,2023-07-18,Magazine,Books,21.74,43.48
370,T0371,C031,P030,2,2023-03-03 16:00:00,Store C,George Martinez,San Francisco,2023-04-01,Picture Frame,Home & Garden,265.05,530.1
371,T0372,C052,P030,1,2023-03-03 20:00:00,Store B,Charlie Patel,Los Angeles,2023-06-03,Picture Frame,Home & Garden,265.05,265.05
372,T0373,C061,P047,1,2023-03-04 00:00:00,Store B,Rachel Lee,Portland,2023-06-30,Resistance Bands,Sports,178.93,178.93
373,T0374,C082,P035,1,2023-03-04 04:00:00,Store A,Rachel Rodriguez,San Francisco,2023-09-01,Magazine,Books,21.74,21.74
374,T0375,C077,P019,3,2023-03-04 08:00:00,Store B,Quinn Wilson,Los Angeles,2023-08-17,Shorts,Clothing,61.2,183.6
375,T0376,C060,P050,5,2023-03-04 12:00:00,Store A,Alice Brown,Portland,2023-06-27,Skateboard,Sports,295.47,1477.35
376,T0377,C100,P008,1,2023-03-04 16:00:00,Store B,Eric Davis,Seattle,2023-10-25,Webcam,Electronics,1376.55,1376.55
377,T0378,C080,P026,1,2023-03-04 20:00:00,Store B,Charlie Rodriguez,Seattle,2023-08-26,Rug,Home & Garden,190.28,190.28
378,T0379,C047,P049,3,2023-03-05 00:00:00,Store B,Bob Garcia,Portland,2023-05-19,Bicycle,Sports,60.58,181.74
379,T0380,C026,P040,4,2023-03-05 04:00:00,Store C,Oscar Brown,Los Angeles,2023-03-17,Reference Book,Books,30.45,121.8
380,T0381,C035,P007,1,2023-03-05 08:00:00,Store C,Quinn Martinez,Sacramento,2023-04-13,Headphones,Electronics,1433.2,1433.2
381,T0382,C048,P030,1,2023-03-05 12:00:00,Store A,Kevin Singh,San Francisco,2023-05-22,Picture Frame,Home & Garden,265.05,265.05
382,T0383,C036,P007,1,2023-03-05 16:00:00,Store B,Bob Davis,San Diego,2023-04-16,Headphones,Electronics,1433.2,1433.2
383,T0384,C040,P003,2,2023-03-05 20:00:00,Store A,Laura Jackson,Portland,2023-04-28,Keyboard,Electronics,85.26,170.52
384,T0385,C053,P001,1,2023-03-06 00:00:00,Store B,Diana Kim,Sacramento,2023-06-06,Laptop,Electronics,1097.56,1097.56
385,T0386,C038,P036,1,2023-03-06 04:00:00,Store C,Alice Kim,Seattle,2023-04-22,Comic Book,Books,42.37,42.37
386,T0387,C096,P025,2,2023-03-06 08:00:00,Store C,Hannah Brown,San Francisco,2023-10-13,Plant Pot,Home & Garden,42.7,85.4
387,T0388,C021,P037,1,2023-03-06 12:00:00,Store B,Hannah Brown,San Francisco,2023-03-02,Travel Guide,Books,42.4,42.4
388,T0389,C074,P001,3,2023-03-06 16:00:00,Store B,Teresa Wilson,San Diego,2023-08-08,Laptop,Electronics,1097.56,3292.68
389,T0390,C065,P015,1,2023-03-06 20:00:00,Store C,Patricia Anderson,Portland,2023-07-12,Shoes,Clothing,130.89,130.89
390,T0391,C100,P037,1,2023-03-07 00:00:00,Store C,Eric Davis,Seattle,2023-10-25,Travel Guide,Books,42.4,42.4
391,T0392,C028,P013,2,2023-03-07 04:00:00,Store A,Quinn Rodriguez,San Francisco,2023-03-23,Sweater,Clothing,145.67,291.34
392,T0393,C064,P040,1,2023-03-07 08:00:00,Store C,Patricia Jackson,Portland,2023-07-09,Reference Book,Books,30.45,30.45
393,T0394,C099,P008,5,2023-03-07 12:00:00,Store B,Oscar Chen,Seattle,2023-10-22,Webcam,Electronics,1376.55,6882.75
394,T0395,C094,P005,2,2023-03-07 16:00:00,Store A,Fiona Garcia,San Francisco,2023-10-07,Tablet,Electronics,306.81,613.62
395,T0396,C092,P009,1,2023-03-07 20:00:00,Store B,Steve Garcia,Los Angeles,2023-10-01,USB Cable,Electronics,586.73,586.73
396,T0397,C049,P001,2,2023-03-08 00:00:00,Store A,Patricia Chen,San Francisco,2023-05-25,Laptop,Electronics,1097.56,2195.12
397,T0398,C038,P036,1,2023-03-08 04:00:00,Store B,Alice Kim,Seattle,2023-04-22,Comic Book,Books,42.37,42.37
398,T0399,C084,P035,4,2023-03-08 08:00:00,Store C,Charlie Miller,Seattle,2023-09-07,Magazine,Books,21.74,86.96
399,T0400,C097,P002,1,2023-03-08 12:00:00,Store B,Bob Thompson,San Francisco,2023-10-16,Mouse,Electronics,457.12,457.12
400,T0401,C076,P040,2,2023-03-08 16:00:00,Store A,Teresa Brown,Los Angeles,2023-08-14,Reference Book,Books,30.45,60.9
401,T0402,C078,P023,1,2023-03-08 20:00:00,Store B,Diana Garcia,Seattle,2023-08-20,Vacuum,Home & Garden,213.37,213.37
402,T0403,C052,P009,1,2023-03-09 00:00:00,Store A,Charlie Patel,Los Angeles,2023-06-03,USB Cable,Electronics,586.73,586.73
403,T0404,C089,P034,3,2023-03-09 04:00:00,Store B,Hannah Lee,San Diego,2023-09-22,Textbook,Books,24.38,73.14
404,T0405,C040,P046,3,2023-03-09 08:00:00,Store C,Laura Jackson,Portland,2023-04-28,Water Bottle,Sports,446.65,1339.95
405,T0406,C057,P014,1,2023-03-09 12:00:00,Store C,Ian Chen,Seattle,2023-06-18,Jacket,Clothing,145.27,145.27
406,T0407,C066,P004,1,2023-03-09 16:00:00,Store B,Teresa Davis,San Francisco,2023-07-15,Monitor,Electronics,985.93,985.93
407,T0408,C073,P030,3,2023-03-09 20:00:00,Store B,Patricia Kim,Seattle,2023-08-05,Picture Frame,Home & Garden,265.05,795.15
408,T0409,C048,P031,4,2023-03-10 00:00:00,Store B,Kevin Singh,San Francisco,2023-05-22,Fiction Novel,Books,39.63,158.52
409,T0410,C028,P038,1,2023-03-10 04:00:00,Store A,Quinn Rodriguez,San Francisco,2023-03-23,Self-Help,Books,44.68,44.68
410,T0411,C080,P011,1,2023-03-10 08:00:00,Store B,Charlie Rodriguez,Seattle,2023-08-26,T-Shirt,Clothing,140.68,140.68
411,T0412,C053,P035,1,2023-03-10 12:00:00,Store B,Diana Kim,Sacramento,2023-06-06,Magazine,Books,21.74,21.74
412,T0413,C078,P008,3,2023-03-10 16:00:00,Store A,Diana Garcia,Seattle,2023-08-20,Webcam,Electronics,1376.55,4129.65
413,T0414,C035,P003,1,2023-03-10 20:00:00,Store C,Quinn Martinez,Sacramento,2023-04-13,Keyboard,Electronics,85.26,85.26
414,T0415,C071,P014,1,2023-03-11 00:00:00,Store B,Ian Anderson,Los Angeles,2023-07-30,Jacket,Clothing,145.27,145.27
415,T0416,C075,P013,3,2023-03-11 04:00:00,Store B,Alice Wilson,Los Angeles,2023-08-11,Sweater,Clothing,145.67,437.01
416,T0417,C015,P045,1,2023-03-11 08:00:00,Store C,Kevin Jackson,Seattle,2023-02-12,Running Shoes,Sports,400.96,400.96
417,T0418,C058,P032,1,2023-03-11 12:00:00,Store C,Hannah Lee,Seattle,2023-06-21,Cookbook,Books,37.88,37.88
418,T0419,C032,P034,1,2023-03-11 16:00:00,Store A,Charlie Chen,Seattle,2023-04-04,Textbook,Books,24.38,24.38
419,T0420,C018,P045,1,2023-03-11 20:00:00,Store B,Teresa Miller,San Francisco,2023-02-21,Running Shoes,Sports,400.96,400.96
420,T0421,C100,P019,1,2023-03-12 00:00:00,Store B,Eric Davis,Seattle,2023-10-25,Shorts,Clothing,61.2,61.2
421,T0422,C057,P038,2,2023-03-12 04:00:00,Store A,Ian Chen,Seattle,2023-06-18,Self-Help,Books,44.68,89.36
422,T0423,C092,P016,1,2023-03-12 08:00:00,Store C,Steve Garcia,Los Angeles,2023-10-01,Hat,Clothing,58.28,58.28
423,T0424,C049,P002,2,2023-03-12 12:00:00,Store A,Patricia Chen,San Francisco,2023-05-25,Mouse,Electronics,457.12,914.24
424,T0425,C084,P040,3,2023-03-12 16:00:00,Store C,Charlie Miller,Seattle,2023-09-07,Reference Book,Books,30.45,91.35
425,T0426,C089,P017,3,2023-03-12 20:00:00,Store A,Hannah Lee,San Diego,2023-09-22,Socks,Clothing,70.06,210.18
426,T0427,C079,P034,1,2023-03-13 00:00:00,Store C,Hannah Patel,Portland,2023-08-23,Textbook,Books,24.38,24.38
427,T0428,C070,P042,1,2023-03-13 04:00:00,Store A,Eric Brown,Sacramento,2023-07-27,Dumbbells,Sports,402.17,402.17
428,T0429,C065,P016,1,2023-03-13 08:00:00,Store C,Patricia Anderson,Portland,2023-07-12,Hat,Clothing,58.28,58.28
429,T0430,C059,P038,1,2023-03-13 12:00:00,Store C,Rachel Wilson,Seattle,2023-06-24,Self-Help,Books,44.68,44.68
430,T0431,C097,P002,1,2023-03-13 16:00:00,Store C,Bob Thompson,San Francisco,2023-10-16,Mouse,Electronics,457.12,457.12
431,T0432,C093,P002,2,2023-03-13 20:00:00,Store C,Nina Rodriguez,Los Angeles,2023-10-04,Mouse,Electronics,457.12,914.24
432,T0433,C099,P026,1,2023-03-14 00:00:00,Store C,Oscar Chen,Seattle,2023-10-22,Rug,Home & Garden,190.28,190.28
433,T0434,C030,P013,1,2023-03-14 04:00:00,Store B,Teresa Davis,Seattle,2023-03-29,Sweater,Clothing,145.67,145.67
434,T0435,C087,P047,1,2023-03-14 08:00:00,Store C,Alice Rodriguez,Los Angeles,2023-09-16,Resistance Bands,Sports,178.93,178.93
435,T0436,C098,P031,2,2023-03-14 12:00:00,Store B,Alice Davis,Portland,2023-10-19,Fiction Novel,Books,39.63,79.26
436,T0437,C039,P034,1,2023-03-14 16:00:00,Store C,Bob Thompson,Los Angeles,2023-04-25,Textbook,Books,24.38,24.38
437,T0438,C018,P039,2,2023-03-14 20:00:00,Store B,Teresa Miller,San Francisco,2023-02-21,Poetry,Books,46.53,93.06
438,T0439,C088,P003,1,2023-03-15 00:00:00,Store B,Patricia Patel,San Francisco,2023-09-19,Keyboard,Electronics,85.26,85.26
439,T0440,C078,P008,3,2023-03-15 04:00:00,Store A,Diana Garcia,Seattle,2023-08-20,Webcam,Electronics,1376.55,4129.65
440,T0441,C093,P023,3,2023-03-15 08:00:00,Store C,Nina Rodriguez,Los Angeles,2023-10-04,Vacuum,Home & Garden,213.37,640.11
441,T0442,C033,P014,1,2023-03-15 12:00:00,Store A,Eric Chen,Seattle,2023-04-07,Jacket,Clothing,145.27,145.27
442,T0443,C091,P027,1,2023-03-15 16:00:00,Store A,Alice Davis,Seattle,2023-09-28,Curtains,Home & Garden,297.17,297.17
443,T0444,C042,P029,1,2023-03-15 20:00:00,Store C,Diana Lee,San Francisco,2023-05-04,Candle,Home & Garden,162.72,162.72
444,T0445,C037,P039,1,2023-03-16 00:00:00,Store A,Eric Chen,Portland,2023-04-19,Poetry,Books,46.53,46.53
445,T0446,C037,P039,2,2023-03-16 04:00:00,Store C,Eric Chen,Portland,2023-04-19,Poetry,Books,46.53,93.06
446,T0447,C092,P001,3,2023-03-16 08:00:00,Store A,Steve Garcia,Los Angeles,2023-10-01,Laptop,Electronics,1097.56,3292.68
447,T0448,C084,P017,2,2023-03-16 12:00:00,Store C,Charlie Miller,Seattle,2023-09-07,Socks,Clothing,70.06,140.12
448,T0449,C074,P041,3,2023-03-16 16:00:00,Store C,Teresa Wilson,San Diego,2023-08-08,Yoga Mat,Sports,258.24,774.72
449,T0450,C060,P030,1,2023-03-16 20:00:00,Store C,Alice Brown,Portland,2023-06-27,Picture Frame,Home & Garden,265.05,265.05
450,T0451,C095,P013,1,2023-03-17 00:00:00,Store B,Michael Kim,Los Angeles,2023-10-10,Sweater,Clothing,145.67,145.67
451,T0452,C063,P021,2,2023-03-17 04:00:00,Store A,George Davis,San Diego,2023-07-06,Coffee Maker,Home & Garden,173.69,347.38
452,T0453,C092,P019,1,2023-03-17 08:00:00,Store B,Steve Garcia,Los Angeles,2023-10-01,Shorts,Clothing,61.2,61.2
453,T0454,C068,P019,2,2023-03-17 12:00:00,Store A,Alice Rodriguez,San Diego,2023-07-21,Shorts,Clothing,61.2,122.4
454,T0455,C062,P025,1,2023-03-17 16:00:00,Store A,Julia Kim,Portland,2023-07-03,Plant Pot,Home & Garden,42.7,42.7
455,T0456,C069,P022,1,2023-03-17 20:00:00,Store A,Laura Thompson,Seattle,2023-07-24,Blender,Home & Garden,281.8,281.8
456,T0457,C054,P031,5,2023-03-18 00:00:00,Store B,Charlie Singh,San Diego,2023-06-09,Fiction Novel,Books,39.63,198.15
457,T0458,C088,P017,1,2023-03-18 04:00:00,Store A,Patricia Patel,San Francisco,2023-09-19,Socks,Clothing,70.06,70.06
458,T0459,C073,P023,5,2023-03-18 08:00:00,Store B,Patricia Kim,Seattle,2023-08-05,Vacuum,Home & Garden,213.37,1066.85
459,T0460,C046,P032,5,2023-03-18 12:00:00,Store C,Eric Patel,Los Angeles,2023-05-16,Cookbook,Books,37.88,189.4
460,T0461,C096,P010,3,2023-03-18 16:00:00,Store A,Hannah Brown,San Francisco,2023-10-13,Power Bank,Electronics,72.41,217.23
461,T0462,C063,P010,2,2023-03-18 20:00:00,Store A,George Davis,San Diego,2023-07-06,Power Bank,Electronics,72.41,144.82
462,T0463,C076,P036,2,2023-03-19 00:00:00,Store C,Teresa Brown,Los Angeles,2023-08-14,Comic Book,Books,42.37,84.74
463,T0464,C096,P008,3,2023-03-19 04:00:00,Store C,Hannah Brown,San Francisco,2023-10-13,Webcam,Electronics,1376.55,4129.65
464,T0465,C081,P020,1,2023-03-19 08:00:00,Store A,Charlie Anderson,San Diego,2023-08-29,Scarf,Clothing,42.03,42.03
465,T0466,C029,P032,1,2023-03-19 12:00:00,Store C,Quinn Jackson,San Francisco,2023-03-26,Cookbook,Books,37.88,37.88
466,T0467,C098,P050,2,2023-03-19 16:00:00,Store B,Alice Davis,Portland,2023-10-19,Skateboard,Sports,295.47,590.94
467,T0468,C081,P014,1,2023-03-19 20:00:00,Store B,Charlie Anderson,San Diego,2023-08-29,Jacket,Clothing,145.27,145.27
468,T0469,C058,P050,1,2023-03-20 00:00:00,Store A,Hannah Lee,Seattle,2023-06-21,Skateboard,Sports,295.47,295.47
469,T0470,C033,P028,1,2023-03-20 04:00:00,Store B,Eric Chen,Seattle,2023-04-07,Pillow,Home & Garden,54.92,54.92
470,T0471,C091,P046,2,2023-03-20 08:00:00,Store B,Alice Davis,Seattle,2023-09-28,Water Bottle,Sports,446.65,893.3
471,T0472,C081,P024,3,2023-03-20 12:00:00,Store A,Charlie Anderson,San Diego,2023-08-29,Lamp,Home & Garden,177.47,532.41
472,T0473,C075,P015,1,2023-03-20 16:00:00,Store C,Alice Wilson,Los Angeles,2023-08-11,Shoes,Clothing,130.89,130.89
473,T0474,C096,P022,4,2023-03-20 20:00:00,Store A,Hannah Brown,San Francisco,2023-10-13,Blender,Home & Garden,281.8,1127.2
474,T0475,C090,P030,2,2023-03-21 00:00:00,Store B,Charlie Chen,San Francisco,2023-09-25,Picture Frame,Home & Garden,265.05,530.1
475,T0476,C035,P004,3,2023-03-21 04:00:00,Store A,Quinn Martinez,Sacramento,2023-04-13,Monitor,Electronics,985.93,2957.79
476,T0477,C056,P013,2,2023-03-21 08:00:00,Store A,George Patel,Sacramento,2023-06-15,Sweater,Clothing,145.67,291.34
477,T0478,C048,P023,3,2023-03-21 12:00:00,Store B,Kevin Singh,San Francisco,2023-05-22,Vacuum,Home & Garden,213.37,640.11
478,T0479,C088,P008,1,2023-03-21 16:00:00,Store B,Patricia Patel,San Francisco,2023-09-19,Webcam,Electronics,1376.55,1376.55
479,T0480,C010,P018,3,2023-03-21 20:00:00,Store A,Bob Jackson,Los Angeles,2023-01-28,Dress,Clothing,130.65,391.95
480,T0481,C077,P012,1,2023-03-22 00:00:00,Store B,Quinn Wilson,Los Angeles,2023-08-17,Jeans,Clothing,75.66,75.66
481,T0482,C089,P031,3,2023-03-22 04:00:00,Store B,Hannah Lee,San Diego,2023-09-22,Fiction Novel,Books,39.63,118.89
482,T0483,C095,P014,5,2023-03-22 08:00:00,Store B,Michael Kim,Los Angeles,2023-10-10,Jacket,Clothing,145.27,726.35
483,T0484,C059,P034,1,2023-03-22 12:00:00,Store B,Rachel Wilson,Seattle,2023-06-24,Textbook,Books,24.38,24.38
484,T0485,C092,P018,1,2023-03-22 16:00:00,Store B,Steve Garcia,Los Angeles,2023-10-01,Dress,Clothing,130.65,130.65
485,T0486,C027,P034,3,2023-03-22 20:00:00,Store B,Ian Patel,Seattle,2023-03-20,Textbook,Books,24.38,73.14
486,T0487,C093,P011,1,2023-03-23 00:00:00,Store C,Nina Rodriguez,Los Angeles,2023-10-04,T-Shirt,Clothing,140.68,140.68
487,T0488,C031,P041,3,2023-03-23 04:00:00,Store A,George Martinez,San Francisco,2023-04-01,Yoga Mat,Sports,258.24,774.72
488,T0489,C064,P012,1,2023-03-23 08:00:00,Store B,Patricia Jackson,Portland,2023-07-09,Jeans,Clothing,75.66,75.66
489,T0490,C091,P049,1,2023-03-23 12:00:00,Store A,Alice Davis,Seattle,2023-09-28,Bicycle,Sports,60.58,60.58
490,T0491,C034,P015,5,2023-03-23 16:00:00,Store C,Quinn Brown,Sacramento,2023-04-10,Shoes,Clothing,130.89,654.45
491,T0492,C046,P031,2,2023-03-23 20:00:00,Store B,Eric Patel,Los Angeles,2023-05-16,Fiction Novel,Books,39.63,79.26
492,T0493,C087,P049,3,2023-03-24 00:00:00,Store A,Alice Rodriguez,Los Angeles,2023-09-16,Bicycle,Sports,60.58,181.74
493,T0494,C087,P029,1,2023-03-24 04:00:00,Store B,Alice Rodriguez,Los Angeles,2023-09-16,Candle,Home & Garden,162.72,162.72
494,T0495,C082,P026,2,2023-03-24 08:00:00,Store B,Rachel Rodriguez,San Francisco,2023-09-01,Rug,Home & Garden,190.28,380.56
495,T0496,C085,P018,2,2023-03-24 12:00:00,Store B,Ian Patel,Portland,2023-09-10,Dress,Clothing,130.65,261.3
496,T0497,C075,P032,2,2023-03-24 16:00:00,Store B,Alice Wilson,Los Angeles,2023-08-11,Cookbook,Books,37.88,75.76
497,T0498,C049,P022,2,2023-03-24 20:00:00,Store B,Patricia Chen,San Francisco,2023-05-25,Blender,Home & Garden,281.8,563.6
498,T0499,C059,P038,2,2023-03-25 00:00:00,Store B,Rachel Wilson,Seattle,2023-06-24,Self-Help,Books,44.68,89.36
499,T0500,C039,P017,1,2023-03-25 04:00:00,Store B,Bob Thompson,Los Angeles,2023-04-25,Socks,Clothing,70.06,70.06
500,T0501,C096,P023,1,2023-03-25 08:00:00,Store C,Hannah Brown,San Francisco,2023-10-13,Vacuum,Home & Garden,213.37,213.37
501,T0502,C078,P024,3,2023-03-25 12:00:00,Store C,Diana Garcia,Seattle,2023-08-20,Lamp,Home & Garden,177.47,532.41
502,T0503,C064,P050,1,2023-03-25 16:00:00,Store B,Patricia Jackson,Portland,2023-07-09,Skateboard,Sports,295.47,295.47
503,T0504,C069,P008,2,2023-03-25 20:00:00,Store B,Laura Thompson,Seattle,2023-07-24,Webcam,Electronics,1376.55,2753.1
504,T0505,C098,P041,1,2023-03-26 00:00:00,Store C,Alice Davis,Portland,2023-10-19,Yoga Mat,Sports,258.24,258.24
505,T0506,C035,P006,2,2023-03-26 04:00:00,Store C,Quinn Martinez,Sacramento,2023-04-13,Smartphone,Electronics,1413.66,2827.32
506,T0507,C078,P005,2,2023-03-26 08:00:00,Store C,Diana Garcia,Seattle,2023-08-20,Tablet,Electronics,306.81,613.62
507,T0508,C073,P044,1,2023-03-26 12:00:00,Store B,Patricia Kim,Seattle,2023-08-05,Soccer Ball,Sports,355.45,355.45
508,T0509,C080,P029,1,2023-03-26 16:00:00,Store A,Charlie Rodriguez,Seattle,2023-08-26,Candle,Home & Garden,162.72,162.72
509,T0510,C006,P028,1,2023-03-26 20:00:00,Store A,Oscar Brown,Seattle,2023-01-16,Pillow,Home & Garden,54.92,54.92
510,T0511,C095,P011,2,2023-03-27 00:00:00,Store A,Michael Kim,Los Angeles,2023-10-10,T-Shirt,Clothing,140.68,281.36
511,T0512,C097,P001,3,2023-03-27 04:00:00,Store A,Bob Thompson,San Francisco,2023-10-16,Laptop,Electronics,1097.56,3292.68
512,T0513,C077,P043,1,2023-03-27 08:00:00,Store B,Quinn Wilson,Los Angeles,2023-08-17,Tennis Racket,Sports,330.23,330.23
513,T0514,C085,P019,2,2023-03-27 12:00:00,Store A,Ian Patel,Portland,2023-09-10,Shorts,Clothing,61.2,122.4
514,T0515,C097,P009,1,2023-03-27 16:00:00,Store C,Bob Thompson,San Francisco,2023-10-16,USB Cable,Electronics,586.73,586.73
515,T0516,C086,P027,1,2023-03-27 20:00:00,Store C,Alice Patel,Portland,2023-09-13,Curtains,Home & Garden,297.17,297.17
516,T0517,C035,P034,4,2023-03-28 00:00:00,Store A,Quinn Martinez,Sacramento,2023-04-13,Textbook,Books,24.38,97.52
517,T0518,C078,P044,1,2023-03-28 04:00:00,Store C,Diana Garcia,Seattle,2023-08-20,Soccer Ball,Sports,355.45,355.45
518,T0519,C080,P004,1,2023-03-28 08:00:00,Store B,Charlie Rodriguez,Seattle,2023-08-26,Monitor,Electronics,985.93,985.93
519,T0520,C066,P036,1,2023-03-28 12:00:00,Store A,Teresa Davis,San Francisco,2023-07-15,Comic Book,Books,42.37,42.37
520,T0521,C088,P018,1,2023-03-28 16:00:00,Store A,Patricia Patel,San Francisco,2023-09-19,Dress,Clothing,130.65,130.65
521,T0522,C098,P015,1,2023-03-28 20:00:00,Store B,Alice Davis,Portland,2023-10-19,Shoes,Clothing,130.89,130.89
522,T0523,C097,P013,1,2023-03-29 00:00:00,Store C,Bob Thompson,San Francisco,2023-10-16,Sweater,Clothing,145.67,145.67
523,T0524,C068,P019,2,2023-03-29 04:00:00,Store B,Alice Rodriguez,San Diego,2023-07-21,Shorts,Clothing,61.2,122.4
524,T0525,C028,P049,1,2023-03-29 08:00:00,Store B,Quinn Rodriguez,San Francisco,2023-03-23,Bicycle,Sports,60.58,60.58
525,T0526,C100,P006,2,2023-03-29 12:00:00,Store C,Eric Davis,Seattle,2023-10-25,Smartphone,Electronics,1413.66,2827.32
526,T0527,C093,P048,1,2023-03-29 16:00:00,Store B,Nina Rodriguez,Los Angeles,2023-10-04,Jump Rope,Sports,197.16,197.16
527,T0528,C030,P012,1,2023-03-29 20:00:00,Store C,Teresa Davis,Seattle,2023-03-29,Jeans,Clothing,75.66,75.66
528,T0529,C097,P037,2,2023-03-30 00:00:00,Store C,Bob Thompson,San Francisco,2023-10-16,Travel Guide,Books,42.4,84.8
529,T0530,C095,P017,4,2023-03-30 04:00:00,Store B,Michael Kim,Los Angeles,2023-10-10,Socks,Clothing,70.06,280.24
530,T0531,C074,P023,1,2023-03-30 08:00:00,Store C,Teresa Wilson,San Diego,2023-08-08,Vacuum,Home & Garden,213.37,213.37
531,T0532,C079,P026,3,2023-03-30 12:00:00,Store B,Hannah Patel,Portland,2023-08-23,Rug,Home & Garden,190.28,570.84
532,T0533,C064,P029,2,2023-03-30 16:00:00,Store C,Patricia Jackson,Portland,2023-07-09,Candle,Home & Garden,162.72,325.44
533,T0534,C016,P033,2,2023-03-30 20:00:00,Store A,George Rodriguez,Seattle,2023-02-15,Biography,Books,38.1,76.2
534,T0535,C058,P027,2,2023-03-31 00:00:00,Store C,Hannah Lee,Seattle,2023-06-21,Curtains,Home & Garden,297.17,594.34
535,T0536,C091,P025,1,2023-03-31 04:00:00,Store C,Alice Davis,Seattle,2023-09-28,Plant Pot,Home & Garden,42.7,42.7
536,T0537,C002,P010,1,2023-03-31 08:00:00,Store B,Teresa Miller,Sacramento,2023-01-04,Power Bank,Electronics,72.41,72.41
537,T0538,C058,P047,2,2023-03-31 12:00:00,Store C,Hannah Lee,Seattle,2023-06-21,Resistance Bands,Sports,178.93,357.86
538,T0539,C064,P023,1,2023-03-31 16:00:00,Store A,Patricia Jackson,Portland,2023-07-09,Vacuum,Home & Garden,213.37,213.37
539,T0540,C075,P021,4,2023-03-31 20:00:00,Store A,Alice Wilson,Los Angeles,2023-08-11,Coffee Maker,Home & Garden,173.69,694.76
540,T0541,C097,P021,1,2023-04-01 00:00:00,Store C,Bob Thompson,San Francisco,2023-10-16,Coffee Maker,Home & Garden,173.69,173.69
541,T0542,C059,P043,1,2023-04-01 04:00:00,Store C,Rachel Wilson,Seattle,2023-06-24,Tennis Racket,Sports,330.23,330.23
542,T0543,C059,P013,2,2023-04-01 08:00:00,Store A,Rachel Wilson,Seattle,2023-06-24,Sweater,Clothing,145.67,291.34
543,T0544,C088,P037,1,2023-04-01 12:00:00,Store B,Patricia Patel,San Francisco,2023-09-19,Travel Guide,Books,42.4,42.4
544,T0545,C069,P033,2,2023-04-01 16:00:00,Store A,Laura Thompson,Seattle,2023-07-24,Biography,Books,38.1,76.2
545,T0546,C045,P024,2,2023-04-01 20:00:00,Store A,Fiona Wilson,Portland,2023-05-13,Lamp,Home & Garden,177.47,354.94
546,T0547,C069,P044,4,2023-04-02 00:00:00,Store C,Laura Thompson,Seattle,2023-07-24,Soccer Ball,Sports,355.45,1421.8
547,T0548,C033,P011,3,2023-04-02 04:00:00,Store C,Eric Chen,Seattle,2023-04-07,T-Shirt,Clothing,140.68,422.04
548,T0549,C038,P017,2,2023-04-02 08:00:00,Store A,Alice Kim,Seattle,2023-04-22,Socks,Clothing,70.06,140.12
549,T0550,C072,P004,2,2023-04-02 12:00:00,Store B,Charlie Kim,Seattle,2023-08-02,Monitor,Electronics,985.93,1971.86
550,T0551,C066,P047,4,2023-04-02 16:00:00,Store A,Teresa Davis,San Francisco,2023-07-15,Resistance Bands,Sports,178.93,715.72
551,T0552,C097,P025,1,2023-04-02 20:00:00,Store A,Bob Thompson,San Francisco,2023-10-16,Plant Pot,Home & Garden,42.7,42.7
552,T0553,C061,P030,1,2023-04-03 00:00:00,Store B,Rachel Lee,Portland,2023-06-30,Picture Frame,Home & Garden,265.05,265.05
553,T0554,C078,P009,1,2023-04-03 04:00:00,Store A,Diana Garcia,Seattle,2023-08-20,USB Cable,Electronics,586.73,586.73
554,T0555,C081,P021,1,2023-04-03 08:00:00,Store A,Charlie Anderson,San Diego,2023-08-29,Coffee Maker,Home & Garden,173.69,173.69
555,T0556,C005,P020,2,2023-04-03 12:00:00,Store C,George Miller,Seattle,2023-01-13,Scarf,Clothing,42.03,84.06
556,T0557,C083,P019,2,2023-04-03 16:00:00,Store B,Rachel Martinez,Portland,2023-09-04,Shorts,Clothing,61.2,122.4
557,T0558,C039,P019,2,2023-04-03 20:00:00,Store C,Bob Thompson,Los Angeles,2023-04-25,Shorts,Clothing,61.2,122.4
558,T0559,C099,P012,1,2023-04-04 00:00:00,Store C,Oscar Chen,Seattle,2023-10-22,Jeans,Clothing,75.66,75.66
559,T0560,C034,P037,2,2023-04-04 04:00:00,Store B,Quinn Brown,Sacramento,2023-04-10,Travel Guide,Books,42.4,84.8
560,T0561,C065,P042,1,2023-04-04 08:00:00,Store B,Patricia Anderson,Portland,2023-07-12,Dumbbells,Sports,402.17,402.17
561,T0562,C022,P017,2,2023-04-04 12:00:00,Store A,Ian Rodriguez,Seattle,2023-03-05,Socks,Clothing,70.06,140.12
562,T0563,C100,P037,2,2023-04-04 16:00:00,Store C,Eric Davis,Seattle,2023-10-25,Travel Guide,Books,42.4,84.8
563,T0564,C073,P048,1,2023-04-04 20:00:00,Store B,Patricia Kim,Seattle,2023-08-05,Jump Rope,Sports,197.16,197.16
564,T0565,C079,P039,1,2023-04-05 00:00:00,Store C,Hannah Patel,Portland,2023-08-23,Poetry,Books,46.53,46.53
565,T0566,C019,P028,1,2023-04-05 04:00:00,Store C,Ian Kim,Portland,2023-02-24,Pillow,Home & Garden,54.92,54.92
566,T0567,C088,P041,3,2023-04-05 08:00:00,Store B,Patricia Patel,San Francisco,2023-09-19,Yoga Mat,Sports,258.24,774.72
567,T0568,C043,P035,4,2023-04-05 12:00:00,Store A,Kevin Wilson,Seattle,2023-05-07,Magazine,Books,21.74,86.96
568,T0569,C096,P047,2,2023-04-05 16:00:00,Store C,Hannah Brown,San Francisco,2023-10-13,Resistance Bands,Sports,178.93,357.86
569,T0570,C043,P048,1,2023-04-05 20:00:00,Store B,Kevin Wilson,Seattle,2023-05-07,Jump Rope,Sports,197.16,197.16
570,T0571,C041,P018,1,2023-04-06 00:00:00,Store A,Fiona Lee,Seattle,2023-05-01,Dress,Clothing,130.65,130.65
571,T0572,C011,P014,2,2023-04-06 04:00:00,Store C,Michael Rodriguez,Seattle,2023-01-31,Jacket,Clothing,145.27,290.54
572,T0573,C070,P035,3,2023-04-06 08:00:00,Store B,Eric Brown,Sacramento,2023-07-27,Magazine,Books,21.74,65.22
573,T0574,C077,P044,1,2023-04-06 12:00:00,Store C,Quinn Wilson,Los Angeles,2023-08-17,Soccer Ball,Sports,355.45,355.45
574,T0575,C018,P041,1,2023-04-06 16:00:00,Store B,Teresa Miller,San Francisco,2023-02-21,Yoga Mat,Sports,258.24,258.24
575,T0576,C090,P007,2,2023-04-06 20:00:00,Store B,Charlie Chen,San Francisco,2023-09-25,Headphones,Electronics,1433.2,2866.4
576,T0577,C069,P041,1,2023-04-07 00:00:00,Store C,Laura Thompson,Seattle,2023-07-24,Yoga Mat,Sports,258.24,258.24
577,T0578,C074,P013,1,2023-04-07 04:00:00,Store C,Teresa Wilson,San Diego,2023-08-08,Sweater,Clothing,145.67,145.67
578,T0579,C068,P018,1,2023-04-07 08:00:00,Store B,Alice Rodriguez,San Diego,2023-07-21,Dress,Clothing,130.65,130.65
579,T0580,C064,P037,2,2023-04-07 12:00:00,Store A,Patricia Jackson,Portland,2023-07-09,Travel Guide,Books,42.4,84.8
580,T0581,C077,P013,3,2023-04-07 16:00:00,Store C,Quinn Wilson,Los Angeles,2023-08-17,Sweater,Clothing,145.67,437.01
581,T0582,C035,P036,4,2023-04-07 20:00:00,Store B,Quinn Martinez,Sacramento,2023-04-13,Comic Book,Books,42.37,169.48
582,T0583,C039,P031,2,2023-04-08 00:00:00,Store B,Bob Thompson,Los Angeles,2023-04-25,Fiction Novel,Books,39.63,79.26
583,T0584,C094,P002,2,2023-04-08 04:00:00,Store A,Fiona Garcia,San Francisco,2023-10-07,Mouse,Electronics,457.12,914.24
584,T0585,C098,P016,1,2023-04-08 08:00:00,Store A,Alice Davis,Portland,2023-10-19,Hat,Clothing,58.28,58.28
585,T0586,C062,P009,2,2023-04-08 12:00:00,Store A,Julia Kim,Portland,2023-07-03,USB Cable,Electronics,586.73,1173.46
586,T0587,C051,P009,1,2023-04-08 16:00:00,Store C,Fiona Miller,Sacramento,2023-05-31,USB Cable,Electronics,586.73,586.73
587,T0588,C082,P038,2,2023-04-08 20:00:00,Store B,Rachel Rodriguez,San Francisco,2023-09-01,Self-Help,Books,44.68,89.36
588,T0589,C065,P011,1,2023-04-09 00:00:00,Store B,Patricia Anderson,Portland,2023-07-12,T-Shirt,Clothing,140.68,140.68
589,T0590,C008,P022,1,2023-04-09 04:00:00,Store B,George Brown,San Diego,2023-01-22,Blender,Home & Garden,281.8,281.8
590,T0591,C035,P033,1,2023-04-09 08:00:00,Store A,Quinn Martinez,Sacramento,2023-04-13,Biography,Books,38.1,38.1
591,T0592,C086,P036,1,2023-04-09 12:00:00,Store B,Alice Patel,Portland,2023-09-13,Comic Book,Books,42.37,42.37
592,T0593,C083,P045,1,2023-04-09 16:00:00,Store C,Rachel Martinez,Portland,2023-09-04,Running Shoes,Sports,400.96,400.96
593,T0594,C009,P023,1,2023-04-09 20:00:00,Store A,Steve Garcia,San Francisco,2023-01-25,Vacuum,Home & Garden,213.37,213.37
594,T0595,C045,P045,5,2023-04-10 00:00:00,Store A,Fiona Wilson,Portland,2023-05-13,Running Shoes,Sports,400.96,2004.8
595,T0596,C046,P045,1,2023-04-10 04:00:00,Store A,Eric Patel,Los Angeles,2023-05-16,Running Shoes,Sports,400.96,400.96
596,T0597,C084,P034,2,2023-04-10 08:00:00,Store A,Charlie Miller,Seattle,2023-09-07,Textbook,Books,24.38,48.76
597,T0598,C007,P009,3,2023-04-10 12:00:00,Store C,Diana Miller,Seattle,2023-01-19,USB Cable,Electronics,586.73,1760.19
598,T0599,C026,P024,5,2023-04-10 16:00:00,Store B,Oscar Brown,Los Angeles,2023-03-17,Lamp,Home & Garden,177.47,887.35
599,T0600,C091,P008,2,2023-04-10 20:00:00,Store C,Alice Davis,Seattle,2023-09-28,Webcam,Electronics,1376.55,2753.1
600,T0601,C039,P007,3,2023-04-11 00:00:00,Store B,Bob Thompson,Los Angeles,2023-04-25,Headphones,Electronics,1433.2,4299.6
601,T0602,C083,P036,1,2023-04-11 04:00:00,Store C,Rachel Martinez,Portland,2023-09-04,Comic Book,Books,42.37,42.37
602,T0603,C047,P018,1,2023-04-11 08:00:00,Store A,Bob Garcia,Portland,2023-05-19,Dress,Clothing,130.65,130.65
603,T0604,C025,P003,1,2023-04-11 12:00:00,Store A,Laura Wilson,San Francisco,2023-03-14,Keyboard,Electronics,85.26,85.26
604,T0605,C048,P028,2,2023-04-11 16:00:00,Store C,Kevin Singh,San Francisco,2023-05-22,Pillow,Home & Garden,54.92,109.84
605,T0606,C087,P006,2,2023-04-11 20:00:00,Store C,Alice Rodriguez,Los Angeles,2023-09-16,Smartphone,Electronics,1413.66,2827.32
606,T0607,C094,P044,1,2023-04-12 00:00:00,Store B,Fiona Garcia,San Francisco,2023-10-07,Soccer Ball,Sports,355.45,355.45
607,T0608,C093,P044,1,2023-04-12 04:00:00,Store C,Nina Rodriguez,Los Angeles,2023-10-04,Soccer Ball,Sports,355.45,355.45
608,T0609,C064,P021,2,2023-04-12 08:00:00,Store C,Patricia Jackson,Portland,2023-07-09,Coffee Maker,Home & Garden,173.69,347.38
609,T0610,C084,P028,1,2023-04-12 12:00:00,Store B,Charlie Miller,Seattle,2023-09-07,Pillow,Home & Garden,54.92,54.92
610,T0611,C043,P040,2,2023-04-12 16:00:00,Store B,Kevin Wilson,Seattle,2023-05-07,Reference Book,Books,30.45,60.9
611,T0612,C053,P001,2,2023-04-12 20:00:00,Store B,Diana Kim,Sacramento,2023-06-06,Laptop,Electronics,1097.56,2195.12
612,T0613,C096,P036,2,2023-04-13 00:00:00,Store C,Hannah Brown,San Francisco,2023-10-13,Comic Book,Books,42.37,84.74
613,T0614,C005,P021,3,2023-04-13 04:00:00,Store B,George Miller,Seattle,2023-01-13,Coffee Maker,Home & Garden,173.69,521.07
614,T0615,C022,P043,3,2023-04-13 08:00:00,Store A,Ian Rodriguez,Seattle,2023-03-05,Tennis Racket,Sports,330.23,990.69
615,T0616,C043,P035,1,2023-04-13 12:00:00,Store A,Kevin Wilson,Seattle,2023-05-07,Magazine,Books,21.74,21.74
616,T0617,C008,P013,2,2023-04-13 16:00:00,Store A,George Brown,San Diego,2023-01-22,Sweater,Clothing,145.67,291.34
617,T0618,C039,P049,2,2023-04-13 20:00:00,Store C,Bob Thompson,Los Angeles,2023-04-25,Bicycle,Sports,60.58,121.16
618,T0619,C078,P010,1,2023-04-14 00:00:00,Store A,Diana Garcia,Seattle,2023-08-20,Power Bank,Electronics,72.41,72.41
619,T0620,C066,P044,1,2023-04-14 04:00:00,Store C,Teresa Davis,San Francisco,2023-07-15,Soccer Ball,Sports,355.45,355.45
620,T0621,C096,P047,1,2023-04-14 08:00:00,Store C,Hannah Brown,San Francisco,2023-10-13,Resistance Bands,Sports,178.93,178.93
621,T0622,C092,P010,1,2023-04-14 12:00:00,Store A,Steve Garcia,Los Angeles,2023-10-01,Power Bank,Electronics,72.41,72.41
622,T0623,C059,P046,2,2023-04-14 16:00:00,Store B,Rachel Wilson,Seattle,2023-06-24,Water Bottle,Sports,446.65,893.3
623,T0624,C050,P013,3,2023-04-14 20:00:00,Store C,Ian Davis,Seattle,2023-05-28,Sweater,Clothing,145.67,437.01
624,T0625,C062,P037,1,2023-04-15 00:00:00,Store A,Julia Kim,Portland,2023-07-03,Travel Guide,Books,42.4,42.4
625,T0626,C079,P038,1,2023-04-15 04:00:00,Store C,Hannah Patel,Portland,2023-08-23,Self-Help,Books,44.68,44.68
626,T0627,C051,P024,4,2023-04-15 08:00:00,Store B,Fiona Miller,Sacramento,2023-05-31,Lamp,Home & Garden,177.47,709.88
627,T0628,C081,P002,1,2023-04-15 12:00:00,Store B,Charlie Anderson,San Diego,2023-08-29,Mouse,Electronics,457.12,457.12
628,T0629,C065,P022,1,2023-04-15 16:00:00,Store A,Patricia Anderson,Portland,2023-07-12,Blender,Home & Garden,281.8,281.8
629,T0630,C076,P017,2,2023-04-15 20:00:00,Store C,Teresa Brown,Los Angeles,2023-08-14,Socks,Clothing,70.06,140.12
630,T0631,C067,P036,2,2023-04-16 00:00:00,Store C,Quinn Martinez,Seattle,2023-07-18,Comic Book,Books,42.37,84.74
631,T0632,C054,P014,1,2023-04-16 04:00:00,Store C,Charlie Singh,San Diego,2023-06-09,Jacket,Clothing,145.27,145.27
632,T0633,C098,P010,1,2023-04-16 08:00:00,Store C,Alice Davis,Portland,2023-10-19,Power Bank,Electronics,72.41,72.41
633,T0634,C089,P035,1,2023-04-16 12:00:00,Store A,Hannah Lee,San Diego,2023-09-22,Magazine,Books,21.74,21.74
634,T0635,C033,P025,2,2023-04-16 16:00:00,Store B,Eric Chen,Seattle,2023-04-07,Plant Pot,Home & Garden,42.7,85.4
635,T0636,C095,P003,2,2023-04-16 20:00:00,Store A,Michael Kim,Los Angeles,2023-10-10,Keyboard,Electronics,85.26,170.52
636,T0637,C071,P047,1,2023-04-17 00:00:00,Store C,Ian Anderson,Los Angeles,2023-07-30,Resistance Bands,Sports,178.93,178.93
637,T0638,C096,P038,2,2023-04-17 04:00:00,Store C,Hannah Brown,San Francisco,2023-10-13,Self-Help,Books,44.68,89.36
638,T0639,C091,P017,3,2023-04-17 08:00:00,Store B,Alice Davis,Seattle,2023-09-28,Socks,Clothing,70.06,210.18
639,T0640,C066,P012,1,2023-04-17 12:00:00,Store C,Teresa Davis,San Francisco,2023-07-15,Jeans,Clothing,75.66,75.66
640,T0641,C007,P024,1,2023-04-17 16:00:00,Store A,Diana Miller,Seattle,2023-01-19,Lamp,Home & Garden,177.47,177.47
641,T0642,C051,P029,2,2023-04-17 20:00:00,Store A,Fiona Miller,Sacramento,2023-05-31,Candle,Home & Garden,162.72,325.44
642,T0643,C075,P043,1,2023-04-18 00:00:00,Store B,Alice Wilson,Los Angeles,2023-08-11,Tennis Racket,Sports,330.23,330.23
643,T0644,C082,P025,1,2023-04-18 04:00:00,Store A,Rachel Rodriguez,San Francisco,2023-09-01,Plant Pot,Home & Garden,42.7,42.7
644,T0645,C049,P036,2,2023-04-18 08:00:00,Store A,Patricia Chen,San Francisco,2023-05-25,Comic Book,Books,42.37,84.74
645,T0646,C033,P026,3,2023-04-18 12:00:00,Store A,Eric Chen,Seattle,2023-04-07,Rug,Home & Garden,190.28,570.84
646,T0647,C093,P038,3,2023-04-18 16:00:00,Store A,Nina Rodriguez,Los Angeles,2023-10-04,Self-Help,Books,44.68,134.04
647,T0648,C100,P001,2,2023-04-18 20:00:00,Store C,Eric Davis,Seattle,2023-10-25,Laptop,Electronics,1097.56,2195.12
648,T0649,C074,P020,2,2023-04-19 00:00:00,Store A,Teresa Wilson,San Diego,2023-08-08,Scarf,Clothing,42.03,84.06
649,T0650,C038,P028,1,2023-04-19 04:00:00,Store B,Alice Kim,Seattle,2023-04-22,Pillow,Home & Garden,54.92,54.92
650,T0651,C051,P016,2,2023-04-19 08:00:00,Store B,Fiona Miller,Sacramento,2023-05-31,Hat,Clothing,58.28,116.56
651,T0652,C006,P047,1,2023-04-19 12:00:00,Store A,Oscar Brown,Seattle,2023-01-16,Resistance Bands,Sports,178.93,178.93
652,T0653,C097,P017,1,2023-04-19 16:00:00,Store B,Bob Thompson,San Francisco,2023-10-16,Socks,Clothing,70.06,70.06
653,T0654,C029,P040,2,2023-04-19 20:00:00,Store A,Quinn Jackson,San Francisco,2023-03-26,Reference Book,Books,30.45,60.9
654,T0655,C078,P028,2,2023-04-20 00:00:00,Store B,Diana Garcia,Seattle,2023-08-20,Pillow,Home & Garden,54.92,109.84
655,T0656,C051,P012,1,2023-04-20 04:00:00,Store B,Fiona Miller,Sacramento,2023-05-31,Jeans,Clothing,75.66,75.66
656,T0657,C076,P027,4,2023-04-20 08:00:00,Store A,Teresa Brown,Los Angeles,2023-08-14,Curtains,Home & Garden,297.17,1188.68
657,T0658,C083,P042,1,2023-04-20 12:00:00,Store A,Rachel Martinez,Portland,2023-09-04,Dumbbells,Sports,402.17,402.17
658,T0659,C093,P047,1,2023-04-20 16:00:00,Store C,Nina Rodriguez,Los Angeles,2023-10-04,Resistance Bands,Sports,178.93,178.93
659,T0660,C043,P030,1,2023-04-20 20:00:00,Store A,Kevin Wilson,Seattle,2023-05-07,Picture Frame,Home & Garden,265.05,265.05
660,T0661,C004,P041,3,2023-04-21 00:00:00,Store A,Eric Lee,San Francisco,2023-01-10,Yoga Mat,Sports,258.24,774.72
661,T0662,C032,P034,2,2023-04-21 04:00:00,Store C,Charlie Chen,Seattle,2023-04-04,Textbook,Books,24.38,48.76
662,T0663,C096,P037,1,2023-04-21 08:00:00,Store A,Hannah Brown,San Francisco,2023-10-13,Travel Guide,Books,42.4,42.4
663,T0664,C095,P006,2,2023-04-21 12:00:00,Store A,Michael Kim,Los Angeles,2023-10-10,Smartphone,Electronics,1413.66,2827.32
664,T0665,C079,P007,1,2023-04-21 16:00:00,Store C,Hannah Patel,Portland,2023-08-23,Headphones,Electronics,1433.2,1433.2
665,T0666,C079,P032,3,2023-04-21 20:00:00,Store A,Hannah Patel,Portland,2023-08-23,Cookbook,Books,37.88,113.64
666,T0667,C084,P032,1,2023-04-22 00:00:00,Store A,Charlie Miller,Seattle,2023-09-07,Cookbook,Books,37.88,37.88
667,T0668,C038,P025,1,2023-04-22 04:00:00,Store C,Alice Kim,Seattle,2023-04-22,Plant Pot,Home & Garden,42.7,42.7
668,T0669,C097,P033,4,2023-04-22 08:00:00,Store C,Bob Thompson,San Francisco,2023-10-16,Biography,Books,38.1,152.4
669,T0670,C066,P007,1,2023-04-22 12:00:00,Store B,Teresa Davis,San Francisco,2023-07-15,Headphones,Electronics,1433.2,1433.2
670,T0671,C063,P012,1,2023-04-22 16:00:00,Store A,George Davis,San Diego,2023-07-06,Jeans,Clothing,75.66,75.66
671,T0672,C074,P016,2,2023-04-22 20:00:00,Store B,Teresa Wilson,San Diego,2023-08-08,Hat,Clothing,58.28,116.56
672,T0673,C014,P016,4,2023-04-23 00:00:00,Store B,Teresa Rodriguez,Seattle,2023-02-09,Hat,Clothing,58.28,233.12
673,T0674,C037,P043,1,2023-04-23 04:00:00,Store C,Eric Chen,Portland,2023-04-19,Tennis Racket,Sports,330.23,330.23
674,T0675,C088,P036,1,2023-04-23 08:00:00,Store A,Patricia Patel,San Francisco,2023-09-19,Comic Book,Books,42.37,42.37
675,T0676,C022,P013,1,2023-04-23 12:00:00,Store A,Ian Rodriguez,Seattle,2023-03-05,Sweater,Clothing,145.67,145.67
676,T0677,C080,P007,2,2023-04-23 16:00:00,Store C,Charlie Rodriguez,Seattle,2023-08-26,Headphones,Electronics,1433.2,2866.4
677,T0678,C048,P036,1,2023-04-23 20:00:00,Store B,Kevin Singh,San Francisco,2023-05-22,Comic Book,Books,42.37,42.37
678,T0679,C063,P047,2,2023-04-24 00:00:00,Store C,George Davis,San Diego,2023-07-06,Resistance Bands,Sports,178.93,357.86
679,T0680,C053,P009,5,2023-04-24 04:00:00,Store A,Diana Kim,Sacramento,2023-06-06,USB Cable,Electronics,586.73,2933.65
680,T0681,C060,P032,1,2023-04-24 08:00:00,Store C,Alice Brown,Portland,2023-06-27,Cookbook,Books,37.88,37.88
681,T0682,C087,P011,1,2023-04-24 12:00:00,Store A,Alice Rodriguez,Los Angeles,2023-09-16,T-Shirt,Clothing,140.68,140.68
682,T0683,C054,P008,1,2023-04-24 16:00:00,Store B,Charlie Singh,San Diego,2023-06-09,Webcam,Electronics,1376.55,1376.55
683,T0684,C077,P033,1,2023-04-24 20:00:00,Store A,Quinn Wilson,Los Angeles,2023-08-17,Biography,Books,38.1,38.1
684,T0685,C071,P023,3,2023-04-25 00:00:00,Store B,Ian Anderson,Los Angeles,2023-07-30,Vacuum,Home & Garden,213.37,640.11
685,T0686,C083,P025,1,2023-04-25 04:00:00,Store B,Rachel Martinez,Portland,2023-09-04,Plant Pot,Home & Garden,42.7,42.7
686,T0687,C098,P008,1,2023-04-25 08:00:00,Store A,Alice Davis,Portland,2023-10-19,Webcam,Electronics,1376.55,1376.55
687,T0688,C087,P045,2,2023-04-25 12:00:00,Store A,Alice Rodriguez,Los Angeles,2023-09-16,Running Shoes,Sports,400.96,801.92
688,T0689,C044,P022,1,2023-04-25 16:00:00,Store B,Quinn Singh,Sacramento,2023-05-10,Blender,Home & Garden,281.8,281.8
689,T0690,C010,P004,2,2023-04-25 20:00:00,Store C,Bob Jackson,Los Angeles,2023-01-28,Monitor,Electronics,985.93,1971.86
690,T0691,C050,P040,1,2023-04-26 00:00:00,Store A,Ian Davis,Seattle,2023-05-28,Reference Book,Books,30.45,30.45
691,T0692,C079,P003,3,2023-04-26 04:00:00,Store B,Hannah Patel,Portland,2023-08-23,Keyboard,Electronics,85.26,255.78
692,T0693,C015,P029,4,2023-04-26 08:00:00,Store B,Kevin Jackson,Seattle,2023-02-12,Candle,Home & Garden,162.72,650.88
693,T0694,C072,P041,2,2023-04-26 12:00:00,Store C,Charlie Kim,Seattle,2023-08-02,Yoga Mat,Sports,258.24,516.48
694,T0695,C079,P029,4,2023-04-26 16:00:00,Store A,Hannah Patel,Portland,2023-08-23,Candle,Home & Garden,162.72,650.88
695,T0696,C058,P034,1,2023-04-26 20:00:00,Store B,Hannah Lee,Seattle,2023-06-21,Textbook,Books,24.38,24.38
696,T0697,C090,P034,1,2023-04-27 00:00:00,Store C,Charlie Chen,San Francisco,2023-09-25,Textbook,Books,24.38,24.38
697,T0698,C027,P028,2,2023-04-27 04:00:00,Store B,Ian Patel,Seattle,2023-03-20,Pillow,Home & Garden,54.92,109.84
698,T0699,C020,P013,2,2023-04-27 08:00:00,Store A,George Garcia,Portland,2023-02-27,Sweater,Clothing,145.67,291.34
699,T0700,C087,P015,1,2023-04-27 12:00:00,Store C,Alice Rodriguez,Los Angeles,2023-09-16,Shoes,Clothing,130.89,130.89
700,T0701,C072,P023,1,2023-04-27 16:00:00,Store B,Charlie Kim,Seattle,2023-08-02,Vacuum,Home & Garden,213.37,213.37
701,T0702,C085,P044,1,2023-04-27 20:00:00,Store C,Ian Patel,Portland,2023-09-10,Soccer Ball,Sports,355.45,355.45
702,T0703,C067,P026,1,2023-04-28 00:00:00,Store A,Quinn Martinez,Seattle,2023-07-18,Rug,Home & Garden,190.28,190.28
703,T0704,C048,P004,1,2023-04-28 04:00:00,Store C,Kevin Singh,San Francisco,2023-05-22,Monitor,Electronics,985.93,985.93
704,T0705,C092,P026,2,2023-04-28 08:00:00,Store A,Steve Garcia,Los Angeles,2023-10-01,Rug,Home & Garden,190.28,380.56
705,T0706,C091,P040,1,2023-04-28 12:00:00,Store B,Alice Davis,Seattle,2023-09-28,Reference Book,Books,30.45,30.45
706,T0707,C085,P009,1,2023-04-28 16:00:00,Store A,Ian Patel,Portland,2023-09-10,USB Cable,Electronics,586.73,586.73
707,T0708,C051,P005,2,2023-04-28 20:00:00,Store B,Fiona Miller,Sacramento,2023-05-31,Tablet,Electronics,306.81,613.62
708,T0709,C079,P032,2,2023-04-29 00:00:00,Store B,Hannah Patel,Portland,2023-08-23,Cookbook,Books,37.88,75.76
709,T0710,C061,P020,3,2023-04-29 04:00:00,Store A,Rachel Lee,Portland,2023-06-30,Scarf,Clothing,42.03,126.09
710,T0711,C024,P050,2,2023-04-29 08:00:00,Store B,Steve Jackson,Portland,2023-03-11,Skateboard,Sports,295.47,590.94
711,T0712,C097,P011,1,2023-04-29 12:00:00,Store C,Bob Thompson,San Francisco,2023-10-16,T-Shirt,Clothing,140.68,140.68
712,T0713,C032,P015,3,2023-04-29 16:00:00,Store B,Charlie Chen,Seattle,2023-04-04,Shoes,Clothing,130.89,392.67
713,T0714,C098,P032,2,2023-04-29 20:00:00,Store A,Alice Davis,Portland,2023-10-19,Cookbook,Books,37.88,75.76
714,T0715,C068,P028,1,2023-04-30 00:00:00,Store C,Alice Rodriguez,San Diego,2023-07-21,Pillow,Home & Garden,54.92,54.92
715,T0716,C040,P022,2,2023-04-30 04:00:00,Store C,Laura Jackson,Portland,2023-04-28,Blender,Home & Garden,281.8,563.6
716,T0717,C075,P041,4,2023-04-30 08:00:00,Store B,Alice Wilson,Los Angeles,2023-08-11,Yoga Mat,Sports,258.24,1032.96
717,T0718,C095,P017,1,2023-04-30 12:00:00,Store B,Michael Kim,Los Angeles,2023-10-10,Socks,Clothing,70.06,70.06
718,T0719,C087,P026,1,2023-04-30 16:00:00,Store A,Alice Rodriguez,Los Angeles,2023-09-16,Rug,Home & Garden,190.28,190.28
719,T0720,C091,P044,1,2023-04-30 20:00:00,Store C,Alice Davis,Seattle,2023-09-28,Soccer Ball,Sports,355.45,355.45
720,T0721,C083,P007,1,2023-05-01 00:00:00,Store A,Rachel Martinez,Portland,2023-09-04,Headphones,Electronics,1433.2,1433.2
721,T0722,C085,P042,1,2023-05-01 04:00:00,Store B,Ian Patel,Portland,2023-09-10,Dumbbells,Sports,402.17,402.17
722,T0723,C094,P026,2,2023-05-01 08:00:00,Store C,Fiona Garcia,San Francisco,2023-10-07,Rug,Home & Garden,190.28,380.56
723,T0724,C048,P025,1,2023-05-01 12:00:00,Store A,Kevin Singh,San Francisco,2023-05-22,Plant Pot,Home & Garden,42.7,42.7
724,T0725,C072,P010,4,2023-05-01 16:00:00,Store A,Charlie Kim,Seattle,2023-08-02,Power Bank,Electronics,72.41,289.64
725,T0726,C045,P045,3,2023-05-01 20:00:00,Store A,Fiona Wilson,Portland,2023-05-13,Running Shoes,Sports,400.96,1202.88
726,T0727,C100,P019,2,2023-05-02 00:00:00,Store A,Eric Davis,Seattle,2023-10-25,Shorts,Clothing,61.2,122.4
727,T0728,C098,P011,3,2023-05-02 04:00:00,Store A,Alice Davis,Portland,2023-10-19,T-Shirt,Clothing,140.68,422.04
728,T0729,C012,P013,1,2023-05-02 08:00:00,Store C,Fiona Davis,Sacramento,2023-02-03,Sweater,Clothing,145.67,145.67
729,T0730,C086,P008,1,2023-05-02 12:00:00,Store A,Alice Patel,Portland,2023-09-13,Webcam,Electronics,1376.55,1376.55
730,T0731,C097,P040,2,2023-05-02 16:00:00,Store C,Bob Thompson,San Francisco,2023-10-16,Reference Book,Books,30.45,60.9
731,T0732,C039,P004,3,2023-05-02 20:00:00,Store A,Bob Thompson,Los Angeles,2023-04-25,Monitor,Electronics,985.93,2957.79
732,T0733,C077,P047,3,2023-05-03 00:00:00,Store B,Quinn Wilson,Los Angeles,2023-08-17,Resistance Bands,Sports,178.93,536.79
733,T0734,C097,P031,1,2023-05-03 04:00:00,Store B,Bob Thompson,San Francisco,2023-10-16,Fiction Novel,Books,39.63,39.63
734,T0735,C010,P028,4,2023-05-03 08:00:00,Store A,Bob Jackson,Los Angeles,2023-01-28,Pillow,Home & Garden,54.92,219.68
735,T0736,C085,P011,1,2023-05-03 12:00:00,Store B,Ian Patel,Portland,2023-09-10,T-Shirt,Clothing,140.68,140.68
736,T0737,C054,P043,3,2023-05-03 16:00:00,Store C,Charlie Singh,San Diego,2023-06-09,Tennis Racket,Sports,330.23,990.69
737,T0738,C097,P001,5,2023-05-03 20:00:00,Store A,Bob Thompson,San Francisco,2023-10-16,Laptop,Electronics,1097.56,5487.8
738,T0739,C099,P049,1,2023-05-04 00:00:00,Store C,Oscar Chen,Seattle,2023-10-22,Bicycle,Sports,60.58,60.58
739,T0740,C098,P047,2,2023-05-04 04:00:00,Store A,Alice Davis,Portland,2023-10-19,Resistance Bands,Sports,178.93,357.86
740,T0741,C070,P038,1,2023-05-04 08:00:00,Store B,Eric Brown,Sacramento,2023-07-27,Self-Help,Books,44.68,44.68
741,T0742,C094,P024,1,2023-05-04 12:00:00,Store C,Fiona Garcia,San Francisco,2023-10-07,Lamp,Home & Garden,177.47,177.47
742,T0743,C093,P047,2,2023-05-04 16:00:00,Store B,Nina Rodriguez,Los Angeles,2023-10-04,Resistance Bands,Sports,178.93,357.86
743,T0744,C056,P031,2,2023-05-04 20:00:00,Store B,George Patel,Sacramento,2023-06-15,Fiction Novel,Books,39.63,79.26
744,T0745,C093,P041,4,2023-05-05 00:00:00,Store A,Nina Rodriguez,Los Angeles,2023-10-04,Yoga Mat,Sports,258.24,1032.96
745,T0746,C011,P046,2,2023-05-05 04:00:00,Store C,Michael Rodriguez,Seattle,2023-01-31,Water Bottle,Sports,446.65,893.3
746,T0747,C079,P050,1,2023-05-05 08:00:00,Store B,Hannah Patel,Portland,2023-08-23,Skateboard,Sports,295.47,295.47
747,T0748,C046,P026,3,2023-05-05 12:00:00,Store A,Eric Patel,Los Angeles,2023-05-16,Rug,Home & Garden,190.28,570.84
748,T0749,C029,P049,4,2023-05-05 16:00:00,Store A,Quinn Jackson,San Francisco,2023-03-26,Bicycle,Sports,60.58,242.32
749,T0750,C021,P050,1,2023-05-05 20:00:00,Store A,Hannah Brown,San Francisco,2023-03-02,Skateboard,Sports,295.47,295.47
750,T0751,C085,P005,5,2023-05-06 00:00:00,Store B,Ian Patel,Portland,2023-09-10,Tablet,Electronics,306.81,1534.05
751,T0752,C058,P020,1,2023-05-06 04:00:00,Store A,Hannah Lee,Seattle,2023-06-21,Scarf,Clothing,42.03,42.03
752,T0753,C087,P041,3,2023-05-06 08:00:00,Store C,Alice Rodriguez,Los Angeles,2023-09-16,Yoga Mat,Sports,258.24,774.72
753,T0754,C018,P011,1,2023-05-06 12:00:00,Store C,Teresa Miller,San Francisco,2023-02-21,T-Shirt,Clothing,140.68,140.68
754,T0755,C056,P033,1,2023-05-06 16:00:00,Store B,George Patel,Sacramento,2023-06-15,Biography,Books,38.1,38.1
755,T0756,C075,P050,1,2023-05-06 20:00:00,Store C,Alice Wilson,Los Angeles,2023-08-11,Skateboard,Sports,295.47,295.47
756,T0757,C091,P038,2,2023-05-07 00:00:00,Store A,Alice Davis,Seattle,2023-09-28,Self-Help,Books,44.68,89.36
757,T0758,C056,P027,1,2023-05-07 04:00:00,Store B,George Patel,Sacramento,2023-06-15,Curtains,Home & Garden,297.17,297.17
758,T0759,C081,P034,1,2023-05-07 08:00:00,Store A,Charlie Anderson,San Diego,2023-08-29,Textbook,Books,24.38,24.38
759,T0760,C095,P015,2,2023-05-07 12:00:00,Store B,Michael Kim,Los Angeles,2023-10-10,Shoes,Clothing,130.89,261.78
760,T0761,C080,P032,4,2023-05-07 16:00:00,Store B,Charlie Rodriguez,Seattle,2023-08-26,Cookbook,Books,37.88,151.52
761,T0762,C046,P021,1,2023-05-07 20:00:00,Store A,Eric Patel,Los Angeles,2023-05-16,Coffee Maker,Home & Garden,173.69,173.69
762,T0763,C008,P046,1,2023-05-08 00:00:00,Store C,George Brown,San Diego,2023-01-22,Water Bottle,Sports,446.65,446.65
763,T0764,C095,P005,1,2023-05-08 04:00:00,Store C,Michael Kim,Los Angeles,2023-10-10,Tablet,Electronics,306.81,306.81
764,T0765,C007,P006,1,2023-05-08 08:00:00,Store B,Diana Miller,Seattle,2023-01-19,Smartphone,Electronics,1413.66,1413.66
765,T0766,C095,P038,3,2023-05-08 12:00:00,Store A,Michael Kim,Los Angeles,2023-10-10,Self-Help,Books,44.68,134.04
766,T0767,C075,P022,3,2023-05-08 16:00:00,Store A,Alice Wilson,Los Angeles,2023-08-11,Blender,Home & Garden,281.8,845.4
767,T0768,C098,P018,2,2023-05-08 20:00:00,Store B,Alice Davis,Portland,2023-10-19,Dress,Clothing,130.65,261.3
768,T0769,C091,P014,1,2023-05-09 00:00:00,Store C,Alice Davis,Seattle,2023-09-28,Jacket,Clothing,145.27,145.27
769,T0770,C100,P010,3,2023-05-09 04:00:00,Store A,Eric Davis,Seattle,2023-10-25,Power Bank,Electronics,72.41,217.23
770,T0771,C060,P046,2,2023-05-09 08:00:00,Store C,Alice Brown,Portland,2023-06-27,Water Bottle,Sports,446.65,893.3
771,T0772,C089,P013,3,2023-05-09 12:00:00,Store C,Hannah Lee,San Diego,2023-09-22,Sweater,Clothing,145.67,437.01
772,T0773,C064,P031,2,2023-05-09 16:00:00,Store B,Patricia Jackson,Portland,2023-07-09,Fiction Novel,Books,39.63,79.26
773,T0774,C071,P030,3,2023-05-09 20:00:00,Store B,Ian Anderson,Los Angeles,2023-07-30,Picture Frame,Home & Garden,265.05,795.15
774,T0775,C081,P003,2,2023-05-10 00:00:00,Store C,Charlie Anderson,San Diego,2023-08-29,Keyboard,Electronics,85.26,170.52
775,T0776,C095,P030,1,2023-05-10 04:00:00,Store A,Michael Kim,Los Angeles,2023-10-10,Picture Frame,Home & Garden,265.05,265.05
776,T0777,C100,P006,4,2023-05-10 08:00:00,Store A,Eric Davis,Seattle,2023-10-25,Smartphone,Electronics,1413.66,5654.64
777,T0778,C089,P029,2,2023-05-10 12:00:00,Store B,Hannah Lee,San Diego,2023-09-22,Candle,Home & Garden,162.72,325.44
778,T0779,C066,P008,2,2023-05-10 16:00:00,Store C,Teresa Davis,San Francisco,2023-07-15,Webcam,Electronics,1376.55,2753.1
779,T0780,C066,P044,1,2023-05-10 20:00:00,Store A,Teresa Davis,San Francisco,2023-07-15,Soccer Ball,Sports,355.45,355.45
780,T0781,C088,P045,2,2023-05-11 00:00:00,Store A,Patricia Patel,San Francisco,2023-09-19,Running Shoes,Sports,400.96,801.92
781,T0782,C047,P043,2,2023-05-11 04:00:00,Store B,Bob Garcia,Portland,2023-05-19,Tennis Racket,Sports,330.23,660.46
782,T0783,C027,P044,1,2023-05-11 08:00:00,Store C,Ian Patel,Seattle,2023-03-20,Soccer Ball,Sports,355.45,355.45
783,T0784,C060,P033,1,2023-05-11 12:00:00,Store A,Alice Brown,Portland,2023-06-27,Biography,Books,38.1,38.1
784,T0785,C053,P017,2,2023-05-11 16:00:00,Store B,Diana Kim,Sacramento,2023-06-06,Socks,Clothing,70.06,140.12
785,T0786,C054,P048,3,2023-05-11 20:00:00,Store A,Charlie Singh,San Diego,2023-06-09,Jump Rope,Sports,197.16,591.48
786,T0787,C046,P011,2,2023-05-12 00:00:00,Store A,Eric Patel,Los Angeles,2023-05-16,T-Shirt,Clothing,140.68,281.36
787,T0788,C013,P013,1,2023-05-12 04:00:00,Store A,Laura Davis,San Diego,2023-02-06,Sweater,Clothing,145.67,145.67
788,T0789,C006,P050,2,2023-05-12 08:00:00,Store B,Oscar Brown,Seattle,2023-01-16,Skateboard,Sports,295.47,590.94
789,T0790,C100,P011,1,2023-05-12 12:00:00,Store C,Eric Davis,Seattle,2023-10-25,T-Shirt,Clothing,140.68,140.68
790,T0791,C067,P031,1,2023-05-12 16:00:00,Store B,Quinn Martinez,Seattle,2023-07-18,Fiction Novel,Books,39.63,39.63
791,T0792,C063,P028,1,2023-05-12 20:00:00,Store C,George Davis,San Diego,2023-07-06,Pillow,Home & Garden,54.92,54.92
792,T0793,C084,P044,1,2023-05-13 00:00:00,Store A,Charlie Miller,Seattle,2023-09-07,Soccer Ball,Sports,355.45,355.45
793,T0794,C044,P006,1,2023-05-13 04:00:00,Store C,Quinn Singh,Sacramento,2023-05-10,Smartphone,Electronics,1413.66,1413.66
794,T0795,C098,P041,1,2023-05-13 08:00:00,Store A,Alice Davis,Portland,2023-10-19,Yoga Mat,Sports,258.24,258.24
795,T0796,C090,P016,1,2023-05-13 12:00:00,Store A,Charlie Chen,San Francisco,2023-09-25,Hat,Clothing,58.28,58.28
796,T0797,C023,P004,1,2023-05-13 16:00:00,Store B,Eric Chen,Portland,2023-03-08,Monitor,Electronics,985.93,985.93
797,T0798,C066,P035,2,2023-05-13 20:00:00,Store A,Teresa Davis,San Francisco,2023-07-15,Magazine,Books,21.74,43.48
798,T0799,C095,P048,1,2023-05-14 00:00:00,Store B,Michael Kim,Los Angeles,2023-10-10,Jump Rope,Sports,197.16,197.16
799,T0800,C098,P026,1,2023-05-14 04:00:00,Store C,Alice Davis,Portland,2023-10-19,Rug,Home & Garden,190.28,190.28
800,T0801,C070,P012,3,2023-05-14 08:00:00,Store C,Eric Brown,Sacramento,2023-07-27,Jeans,Clothing,75.66,226.98
801,T0802,C080,P011,1,2023-05-14 12:00:00,Store A,Charlie Rodriguez,Seattle,2023-08-26,T-Shirt,Clothing,140.68,140.68
802,T0803,C037,P037,2,2023-05-14 16:00:00,Store B,Eric Chen,Portland,2023-04-19,Travel Guide,Books,42.4,84.8
803,T0804,C100,P025,1,2023-05-14 20:00:00,Store A,Eric Davis,Seattle,2023-10-25,Plant Pot,Home & Garden,42.7,42.7
804,T0805,C046,P018,1,2023-05-15 00:00:00,Store B,Eric Patel,Los Angeles,2023-05-16,Dress,Clothing,130.65,130.65
805,T0806,C098,P019,2,2023-05-15 04:00:00,Store B,Alice Davis,Portland,2023-10-19,Shorts,Clothing,61.2,122.4
806,T0807,C083,P023,2,2023-05-15 08:00:00,Store B,Rachel Martinez,Portland,2023-09-04,Vacuum,Home & Garden,213.37,426.74
807,T0808,C080,P038,3,2023-05-15 12:00:00,Store C,Charlie Rodriguez,Seattle,2023-08-26,Self-Help,Books,44.68,134.04
808,T0809,C073,P018,2,2023-05-15 16:00:00,Store B,Patricia Kim,Seattle,2023-08-05,Dress,Clothing,130.65,261.3
809,T0810,C046,P026,4,2023-05-15 20:00:00,Store C,Eric Patel,Los Angeles,2023-05-16,Rug,Home & Garden,190.28,761.12
810,T0811,C038,P006,1,2023-05-16 00:00:00,Store B,Alice Kim,Seattle,2023-04-22,Smartphone,Electronics,1413.66,1413.66
811,T0812,C045,P004,1,2023-05-16 04:00:00,Store C,Fiona Wilson,Portland,2023-05-13,Monitor,Electronics,985.93,985.93
812,T0813,C040,P044,1,2023-05-16 08:00:00,Store C,Laura Jackson,Portland,2023-04-28,Soccer Ball,Sports,355.45,355.45
813,T0814,C090,P029,1,2023-05-16 12:00:00,Store C,Charlie Chen,San Francisco,2023-09-25,Candle,Home & Garden,162.72,162.72
814,T0815,C059,P034,2,2023-05-16 16:00:00,Store A,Rachel Wilson,Seattle,2023-06-24,Textbook,Books,24.38,48.76
815,T0816,C016,P017,2,2023-05-16 20:00:00,Store B,George Rodriguez,Seattle,2023-02-15,Socks,Clothing,70.06,140.12
816,T0817,C099,P043,1,2023-05-17 00:00:00,Store A,Oscar Chen,Seattle,2023-10-22,Tennis Racket,Sports,330.23,330.23
817,T0818,C095,P043,4,2023-05-17 04:00:00,Store B,Michael Kim,Los Angeles,2023-10-10,Tennis Racket,Sports,330.23,1320.92
818,T0819,C097,P016,3,2023-05-17 08:00:00,Store B,Bob Thompson,San Francisco,2023-10-16,Hat,Clothing,58.28,174.84
819,T0820,C100,P002,1,2023-05-17 12:00:00,Store A,Eric Davis,Seattle,2023-10-25,Mouse,Electronics,457.12,457.12
820,T0821,C038,P034,1,2023-05-17 16:00:00,Store C,Alice Kim,Seattle,2023-04-22,Textbook,Books,24.38,24.38
821,T0822,C064,P008,1,2023-05-17 20:00:00,Store B,Patricia Jackson,Portland,2023-07-09,Webcam,Electronics,1376.55,1376.55
822,T0823,C089,P013,1,2023-05-18 00:00:00,Store C,Hannah Lee,San Diego,2023-09-22,Sweater,Clothing,145.67,145.67
823,T0824,C085,P042,1,2023-05-18 04:00:00,Store A,Ian Patel,Portland,2023-09-10,Dumbbells,Sports,402.17,402.17
824,T0825,C035,P008,2,2023-05-18 08:00:00,Store C,Quinn Martinez,Sacramento,2023-04-13,Webcam,Electronics,1376.55,2753.1
825,T0826,C092,P030,1,2023-05-18 12:00:00,Store B,Steve Garcia,Los Angeles,2023-10-01,Picture Frame,Home & Garden,265.05,265.05
826,T0827,C045,P032,1,2023-05-18 16:00:00,Store B,Fiona Wilson,Portland,2023-05-13,Cookbook,Books,37.88,37.88
827,T0828,C045,P036,5,2023-05-18 20:00:00,Store B,Fiona Wilson,Portland,2023-05-13,Comic Book,Books,42.37,211.85
828,T0829,C075,P047,2,2023-05-19 00:00:00,Store A,Alice Wilson,Los Angeles,2023-08-11,Resistance Bands,Sports,178.93,357.86
829,T0830,C079,P030,4,2023-05-19 04:00:00,Store B,Hannah Patel,Portland,2023-08-23,Picture Frame,Home & Garden,265.05,1060.2
830,T0831,C078,P001,1,2023-05-19 08:00:00,Store A,Diana Garcia,Seattle,2023-08-20,Laptop,Electronics,1097.56,1097.56
831,T0832,C024,P043,1,2023-05-19 12:00:00,Store C,Steve Jackson,Portland,2023-03-11,Tennis Racket,Sports,330.23,330.23
832,T0833,C095,P039,2,2023-05-19 16:00:00,Store B,Michael Kim,Los Angeles,2023-10-10,Poetry,Books,46.53,93.06
833,T0834,C050,P017,1,2023-05-19 20:00:00,Store B,Ian Davis,Seattle,2023-05-28,Socks,Clothing,70.06,70.06
834,T0835,C031,P020,1,2023-05-20 00:00:00,Store B,George Martinez,San Francisco,2023-04-01,Scarf,Clothing,42.03,42.03
835,T0836,C095,P024,2,2023-05-20 04:00:00,Store C,Michael Kim,Los Angeles,2023-10-10,Lamp,Home & Garden,177.47,354.94
836,T0837,C099,P050,2,2023-05-20 08:00:00,Store B,Oscar Chen,Seattle,2023-10-22,Skateboard,Sports,295.47,590.94
837,T0838,C094,P022,1,2023-05-20 12:00:00,Store A,Fiona Garcia,San Francisco,2023-10-07,Blender,Home & Garden,281.8,281.8
838,T0839,C092,P029,1,2023-05-20 16:00:00,Store C,Steve Garcia,Los Angeles,2023-10-01,Candle,Home & Garden,162.72,162.72
839,T0840,C083,P022,1,2023-05-20 20:00:00,Store C,Rachel Martinez,Portland,2023-09-04,Blender,Home & Garden,281.8,281.8
840,T0841,C076,P044,1,2023-05-21 00:00:00,Store C,Teresa Brown,Los Angeles,2023-08-14,Soccer Ball,Sports,355.45,355.45
841,T0842,C023,P009,1,2023-05-21 04:00:00,Store C,Eric Chen,Portland,2023-03-08,USB Cable,Electronics,586.73,586.73
842,T0843,C065,P037,1,2023-05-21 08:00:00,Store C,Patricia Anderson,Portland,2023-07-12,Travel Guide,Books,42.4,42.4
843,T0844,C062,P010,1,2023-05-21 12:00:00,Store A,Julia Kim,Portland,2023-07-03,Power Bank,Electronics,72.41,72.41
844,T0845,C050,P036,4,2023-05-21 16:00:00,Store C,Ian Davis,Seattle,2023-05-28,Comic Book,Books,42.37,169.48
845,T0846,C087,P037,2,2023-05-21 20:00:00,Store B,Alice Rodriguez,Los Angeles,2023-09-16,Travel Guide,Books,42.4,84.8
846,T0847,C072,P028,2,2023-05-22 00:00:00,Store C,Charlie Kim,Seattle,2023-08-02,Pillow,Home & Garden,54.92,109.84
847,T0848,C022,P028,1,2023-05-22 04:00:00,Store C,Ian Rodriguez,Seattle,2023-03-05,Pillow,Home & Garden,54.92,54.92
848,T0849,C045,P042,1,2023-05-22 08:00:00,Store C,Fiona Wilson,Portland,2023-05-13,Dumbbells,Sports,402.17,402.17
849,T0850,C085,P043,1,2023-05-22 12:00:00,Store C,Ian Patel,Portland,2023-09-10,Tennis Racket,Sports,330.23,330.23
850,T0851,C021,P021,1,2023-05-22 16:00:00,Store C,Hannah Brown,San Francisco,2023-03-02,Coffee Maker,Home & Garden,173.69,173.69
851,T0852,C094,P024,1,2023-05-22 20:00:00,Store A,Fiona Garcia,San Francisco,2023-10-07,Lamp,Home & Garden,177.47,177.47
852,T0853,C072,P042,3,2023-05-23 00:00:00,Store A,Charlie Kim,Seattle,2023-08-02,Dumbbells,Sports,402.17,1206.51
853,T0854,C071,P040,2,2023-05-23 04:00:00,Store C,Ian Anderson,Los Angeles,2023-07-30,Reference Book,Books,30.45,60.9
854,T0855,C079,P002,2,2023-05-23 08:00:00,Store A,Hannah Patel,Portland,2023-08-23,Mouse,Electronics,457.12,914.24
855,T0856,C092,P008,1,2023-05-23 12:00:00,Store B,Steve Garcia,Los Angeles,2023-10-01,Webcam,Electronics,1376.55,1376.55
856,T0857,C059,P048,4,2023-05-23 16:00:00,Store C,Rachel Wilson,Seattle,2023-06-24,Jump Rope,Sports,197.16,788.64
857,T0858,C084,P027,1,2023-05-23 20:00:00,Store B,Charlie Miller,Seattle,2023-09-07,Curtains,Home & Garden,297.17,297.17
858,T0859,C077,P022,1,2023-05-24 00:00:00,Store B,Quinn Wilson,Los Angeles,2023-08-17,Blender,Home & Garden,281.8,281.8
859,T0860,C051,P037,1,2023-05-24 04:00:00,Store C,Fiona Miller,Sacramento,2023-05-31,Travel Guide,Books,42.4,42.4
860,T0861,C095,P027,3,2023-05-24 08:00:00,Store B,Michael Kim,Los Angeles,2023-10-10,Curtains,Home & Garden,297.17,891.51
861,T0862,C091,P029,5,2023-05-24 12:00:00,Store B,Alice Davis,Seattle,2023-09-28,Candle,Home & Garden,162.72,813.6
862,T0863,C083,P003,1,2023-05-24 16:00:00,Store B,Rachel Martinez,Portland,2023-09-04,Keyboard,Electronics,85.26,85.26
863,T0864,C094,P044,3,2023-05-24 20:00:00,Store C,Fiona Garcia,San Francisco,2023-10-07,Soccer Ball,Sports,355.45,1066.35
864,T0865,C094,P013,3,2023-05-25 00:00:00,Store C,Fiona Garcia,San Francisco,2023-10-07,Sweater,Clothing,145.67,437.01
865,T0866,C086,P045,1,2023-05-25 04:00:00,Store B,Alice Patel,Portland,2023-09-13,Running Shoes,Sports,400.96,400.96
866,T0867,C093,P010,1,2023-05-25 08:00:00,Store C,Nina Rodriguez,Los Angeles,2023-10-04,Power Bank,Electronics,72.41,72.41
867,T0868,C085,P036,1,2023-05-25 12:00:00,Store C,Ian Patel,Portland,2023-09-10,Comic Book,Books,42.37,42.37
868,T0869,C084,P009,5,2023-05-25 16:00:00,Store B,Charlie Miller,Seattle,2023-09-07,USB Cable,Electronics,586.73,2933.65
869,T0870,C081,P027,1,2023-05-25 20:00:00,Store C,Charlie Anderson,San Diego,2023-08-29,Curtains,Home & Garden,297.17,297.17
870,T0871,C089,P034,3,2023-05-26 00:00:00,Store A,Hannah Lee,San Diego,2023-09-22,Textbook,Books,24.38,73.14
871,T0872,C036,P001,1,2023-05-26 04:00:00,Store C,Bob Davis,San Diego,2023-04-16,Laptop,Electronics,1097.56,1097.56
872,T0873,C095,P032,2,2023-05-26 08:00:00,Store A,Michael Kim,Los Angeles,2023-10-10,Cookbook,Books,37.88,75.76
873,T0874,C095,P025,1,2023-05-26 12:00:00,Store B,Michael Kim,Los Angeles,2023-10-10,Plant Pot,Home & Garden,42.7,42.7
874,T0875,C009,P029,2,2023-05-26 16:00:00,Store C,Steve Garcia,San Francisco,2023-01-25,Candle,Home & Garden,162.72,325.44
875,T0876,C092,P007,3,2023-05-26 20:00:00,Store B,Steve Garcia,Los Angeles,2023-10-01,Headphones,Electronics,1433.2,4299.6
876,T0877,C031,P049,3,2023-05-27 00:00:00,Store B,George Martinez,San Francisco,2023-04-01,Bicycle,Sports,60.58,181.74
877,T0878,C058,P003,3,2023-05-27 04:00:00,Store B,Hannah Lee,Seattle,2023-06-21,Keyboard,Electronics,85.26,255.78
878,T0879,C088,P020,1,2023-05-27 08:00:00,Store B,Patricia Patel,San Francisco,2023-09-19,Scarf,Clothing,42.03,42.03
879,T0880,C036,P020,2,2023-05-27 12:00:00,Store B,Bob Davis,San Diego,2023-04-16,Scarf,Clothing,42.03,84.06
880,T0881,C092,P030,1,2023-05-27 16:00:00,Store C,Steve Garcia,Los Angeles,2023-10-01,Picture Frame,Home & Garden,265.05,265.05
881,T0882,C093,P035,1,2023-05-27 20:00:00,Store A,Nina Rodriguez,Los Angeles,2023-10-04,Magazine,Books,21.74,21.74
882,T0883,C073,P035,2,2023-05-28 00:00:00,Store C,Patricia Kim,Seattle,2023-08-05,Magazine,Books,21.74,43.48
883,T0884,C003,P049,1,2023-05-28 04:00:00,Store C,Diana Rodriguez,Los Angeles,2023-01-07,Bicycle,Sports,60.58,60.58
884,T0885,C053,P039,2,2023-05-28 08:00:00,Store C,Diana Kim,Sacramento,2023-06-06,Poetry,Books,46.53,93.06
885,T0886,C081,P027,5,2023-05-28 12:00:00,Store C,Charlie Anderson,San Diego,2023-08-29,Curtains,Home & Garden,297.17,1485.85
886,T0887,C100,P026,1,2023-05-28 16:00:00,Store A,Eric Davis,Seattle,2023-10-25,Rug,Home & Garden,190.28,190.28
887,T0888,C081,P014,2,2023-05-28 20:00:00,Store C,Charlie Anderson,San Diego,2023-08-29,Jacket,Clothing,145.27,290.54
888,T0889,C050,P017,1,2023-05-29 00:00:00,Store B,Ian Davis,Seattle,2023-05-28,Socks,Clothing,70.06,70.06
889,T0890,C082,P018,1,2023-05-29 04:00:00,Store C,Rachel Rodriguez,San Francisco,2023-09-01,Dress,Clothing,130.65,130.65
890,T0891,C075,P045,1,2023-05-29 08:00:00,Store C,Alice Wilson,Los Angeles,2023-08-11,Running Shoes,Sports,400.96,400.96
891,T0892,C090,P029,4,2023-05-29 12:00:00,Store A,Charlie Chen,San Francisco,2023-09-25,Candle,Home & Garden,162.72,650.88
892,T0893,C027,P020,3,2023-05-29 16:00:00,Store A,Ian Patel,Seattle,2023-03-20,Scarf,Clothing,42.03,126.09
893,T0894,C089,P027,4,2023-05-29 20:00:00,Store B,Hannah Lee,San Diego,2023-09-22,Curtains,Home & Garden,297.17,1188.68
894,T0895,C075,P018,5,2023-05-30 00:00:00,Store C,Alice Wilson,Los Angeles,2023-08-11,Dress,Clothing,130.65,653.25
895,T0896,C099,P004,1,2023-05-30 04:00:00,Store C,Oscar Chen,Seattle,2023-10-22,Monitor,Electronics,985.93,985.93
896,T0897,C059,P001,1,2023-05-30 08:00:00,Store C,Rachel Wilson,Seattle,2023-06-24,Laptop,Electronics,1097.56,1097.56
897,T0898,C082,P050,2,2023-05-30 12:00:00,Store B,Rachel Rodriguez,San Francisco,2023-09-01,Skateboard,Sports,295.47,590.94
898,T0899,C097,P001,1,2023-05-30 16:00:00,Store A,Bob Thompson,San Francisco,2023-10-16,Laptop,Electronics,1097.56,1097.56
899,T0900,C026,P026,1,2023-05-30 20:00:00,Store B,Oscar Brown,Los Angeles,2023-03-17,Rug,Home & Garden,190.28,190.28
900,T0901,C098,P045,1,2023-05-31 00:00:00,Store C,Alice Davis,Portland,2023-10-19,Running Shoes,Sports,400.96,400.96
901,T0902,C085,P020,2,2023-05-31 04:00:00,Store A,Ian Patel,Portland,2023-09-10,Scarf,Clothing,42.03,84.06
902,T0903,C019,P023,2,2023-05-31 08:00:00,Store A,Ian Kim,Portland,2023-02-24,Vacuum,Home & Garden,213.37,426.74
903,T0904,C054,P010,1,2023-05-31 12:00:00,Store B,Charlie Singh,San Diego,2023-06-09,Power Bank,Electronics,72.41,72.41
904,T0905,C086,P011,1,2023-05-31 16:00:00,Store A,Alice Patel,Portland,2023-09-13,T-Shirt,Clothing,140.68,140.68
905,T0906,C019,P041,2,2023-05-31 20:00:00,Store A,Ian Kim,Portland,2023-02-24,Yoga Mat,Sports,258.24,516.48
906,T0907,C078,P041,2,2023-06-01 00:00:00,Store C,Diana Garcia,Seattle,2023-08-20,Yoga Mat,Sports,258.24,516.48
907,T0908,C059,P005,1,2023-06-01 04:00:00,Store C,Rachel Wilson,Seattle,2023-06-24,Tablet,Electronics,306.81,306.81
908,T0909,C081,P001,2,2023-06-01 08:00:00,Store A,Charlie Anderson,San Diego,2023-08-29,Laptop,Electronics,1097.56,2195.12
909,T0910,C013,P017,1,2023-06-01 12:00:00,Store A,Laura Davis,San Diego,2023-02-06,Socks,Clothing,70.06,70.06
910,T0911,C095,P022,1,2023-06-01 16:00:00,Store B,Michael Kim,Los Angeles,2023-10-10,Blender,Home & Garden,281.8,281.8
911,T0912,C099,P034,3,2023-06-01 20:00:00,Store B,Oscar Chen,Seattle,2023-10-22,Textbook,Books,24.38,73.14
912,T0913,C099,P045,2,2023-06-02 00:00:00,Store A,Oscar Chen,Seattle,2023-10-22,Running Shoes,Sports,400.96,801.92
913,T0914,C088,P041,1,2023-06-02 04:00:00,Store C,Patricia Patel,San Francisco,2023-09-19,Yoga Mat,Sports,258.24,258.24
914,T0915,C031,P029,2,2023-06-02 08:00:00,Store A,George Martinez,San Francisco,2023-04-01,Candle,Home & Garden,162.72,325.44
915,T0916,C089,P004,2,2023-06-02 12:00:00,Store A,Hannah Lee,San Diego,2023-09-22,Monitor,Electronics,985.93,1971.86
916,T0917,C008,P005,3,2023-06-02 16:00:00,Store C,George Brown,San Diego,2023-01-22,Tablet,Electronics,306.81,920.43
917,T0918,C007,P011,2,2023-06-02 20:00:00,Store C,Diana Miller,Seattle,2023-01-19,T-Shirt,Clothing,140.68,281.36
918,T0919,C057,P021,2,2023-06-03 00:00:00,Store B,Ian Chen,Seattle,2023-06-18,Coffee Maker,Home & Garden,173.69,347.38
919,T0920,C071,P035,1,2023-06-03 04:00:00,Store B,Ian Anderson,Los Angeles,2023-07-30,Magazine,Books,21.74,21.74
920,T0921,C090,P012,1,2023-06-03 08:00:00,Store B,Charlie Chen,San Francisco,2023-09-25,Jeans,Clothing,75.66,75.66
921,T0922,C085,P026,1,2023-06-03 12:00:00,Store B,Ian Patel,Portland,2023-09-10,Rug,Home & Garden,190.28,190.28
922,T0923,C068,P019,1,2023-06-03 16:00:00,Store C,Alice Rodriguez,San Diego,2023-07-21,Shorts,Clothing,61.2,61.2
923,T0924,C051,P045,2,2023-06-03 20:00:00,Store A,Fiona Miller,Sacramento,2023-05-31,Running Shoes,Sports,400.96,801.92
924,T0925,C100,P007,2,2023-06-04 00:00:00,Store B,Eric Davis,Seattle,2023-10-25,Headphones,Electronics,1433.2,2866.4
925,T0926,C066,P047,1,2023-06-04 04:00:00,Store B,Teresa Davis,San Francisco,2023-07-15,Resistance Bands,Sports,178.93,178.93
926,T0927,C069,P007,1,2023-06-04 08:00:00,Store C,Laura Thompson,Seattle,2023-07-24,Headphones,Electronics,1433.2,1433.2
927,T0928,C037,P026,1,2023-06-04 12:00:00,Store C,Eric Chen,Portland,2023-04-19,Rug,Home & Garden,190.28,190.28
928,T0929,C091,P040,1,2023-06-04 16:00:00,Store A,Alice Davis,Seattle,2023-09-28,Reference Book,Books,30.45,30.45
929,T0930,C085,P005,2,2023-06-04 20:00:00,Store A,Ian Patel,Portland,2023-09-10,Tablet,Electronics,306.81,613.62
930,T0931,C045,P021,1,2023-06-05 00:00:00,Store C,Fiona Wilson,Portland,2023-05-13,Coffee Maker,Home & Garden,173.69,173.69
931,T0932,C022,P014,2,2023-06-05 04:00:00,Store B,Ian Rodriguez,Seattle,2023-03-05,Jacket,Clothing,145.27,290.54
932,T0933,C084,P004,4,2023-06-05 08:00:00,Store B,Charlie Miller,Seattle,2023-09-07,Monitor,Electronics,985.93,3943.72
933,T0934,C083,P023,1,2023-06-05 12:00:00,Store B,Rachel Martinez,Portland,2023-09-04,Vacuum,Home & Garden,213.37,213.37
934,T0935,C051,P042,1,2023-06-05 16:00:00,Store A,Fiona Miller,Sacramento,2023-05-31,Dumbbells,Sports,402.17,402.17
935,T0936,C098,P020,1,2023-06-05 20:00:00,Store B,Alice Davis,Portland,2023-10-19,Scarf,Clothing,42.03,42.03
936,T0937,C035,P015,2,2023-06-06 00:00:00,Store B,Quinn Martinez,Sacramento,2023-04-13,Shoes,Clothing,130.89,261.78
937,T0938,C067,P050,2,2023-06-06 04:00:00,Store C,Quinn Martinez,Seattle,2023-07-18,Skateboard,Sports,295.47,590.94
938,T0939,C098,P045,1,2023-06-06 08:00:00,Store B,Alice Davis,Portland,2023-10-19,Running Shoes,Sports,400.96,400.96
939,T0940,C066,P029,2,2023-06-06 12:00:00,Store C,Teresa Davis,San Francisco,2023-07-15,Candle,Home & Garden,162.72,325.44
940,T0941,C082,P008,3,2023-06-06 16:00:00,Store B,Rachel Rodriguez,San Francisco,2023-09-01,Webcam,Electronics,1376.55,4129.65
941,T0942,C064,P041,1,2023-06-06 20:00:00,Store A,Patricia Jackson,Portland,2023-07-09,Yoga Mat,Sports,258.24,258.24
942,T0943,C051,P048,1,2023-06-07 00:00:00,Store B,Fiona Miller,Sacramento,2023-05-31,Jump Rope,Sports,197.16,197.16
943,T0944,C100,P019,3,2023-06-07 04:00:00,Store B,Eric Davis,Seattle,2023-10-25,Shorts,Clothing,61.2,183.6
944,T0945,C065,P048,2,2023-06-07 08:00:00,Store C,Patricia Anderson,Portland,2023-07-12,Jump Rope,Sports,197.16,394.32
945,T0946,C096,P039,3,2023-06-07 12:00:00,Store C,Hannah Brown,San Francisco,2023-10-13,Poetry,Books,46.53,139.59
946,T0947,C046,P046,2,2023-06-07 16:00:00,Store C,Eric Patel,Los Angeles,2023-05-16,Water Bottle,Sports,446.65,893.3
947,T0948,C044,P028,3,2023-06-07 20:00:00,Store B,Quinn Singh,Sacramento,2023-05-10,Pillow,Home & Garden,54.92,164.76
948,T0949,C010,P046,1,2023-06-08 00:00:00,Store B,Bob Jackson,Los Angeles,2023-01-28,Water Bottle,Sports,446.65,446.65
949,T0950,C083,P027,2,2023-06-08 04:00:00,Store A,Rachel Martinez,Portland,2023-09-04,Curtains,Home & Garden,297.17,594.34
950,T0951,C061,P004,4,2023-06-08 08:00:00,Store B,Rachel Lee,Portland,2023-06-30,Monitor,Electronics,985.93,3943.72
951,T0952,C094,P015,2,2023-06-08 12:00:00,Store A,Fiona Garcia,San Francisco,2023-10-07,Shoes,Clothing,130.89,261.78
952,T0953,C070,P035,1,2023-06-08 16:00:00,Store C,Eric Brown,Sacramento,2023-07-27,Magazine,Books,21.74,21.74
953,T0954,C099,P037,1,2023-06-08 20:00:00,Store C,Oscar Chen,Seattle,2023-10-22,Travel Guide,Books,42.4,42.4
954,T0955,C040,P001,1,2023-06-09 00:00:00,Store C,Laura Jackson,Portland,2023-04-28,Laptop,Electronics,1097.56,1097.56
955,T0956,C095,P003,1,2023-06-09 04:00:00,Store A,Michael Kim,Los Angeles,2023-10-10,Keyboard,Electronics,85.26,85.26
956,T0957,C090,P047,1,2023-06-09 08:00:00,Store B,Charlie Chen,San Francisco,2023-09-25,Resistance Bands,Sports,178.93,178.93
957,T0958,C090,P024,2,2023-06-09 12:00:00,Store C,Charlie Chen,San Francisco,2023-09-25,Lamp,Home & Garden,177.47,354.94
958,T0959,C093,P027,2,2023-06-09 16:00:00,Store B,Nina Rodriguez,Los Angeles,2023-10-04,Curtains,Home & Garden,297.17,594.34
959,T0960,C089,P040,1,2023-06-09 20:00:00,Store B,Hannah Lee,San Diego,2023-09-22,Reference Book,Books,30.45,30.45
960,T0961,C081,P036,2,2023-06-10 00:00:00,Store C,Charlie Anderson,San Diego,2023-08-29,Comic Book,Books,42.37,84.74
961,T0962,C031,P034,1,2023-06-10 04:00:00,Store A,George Martinez,San Francisco,2023-04-01,Textbook,Books,24.38,24.38
962,T0963,C010,P029,1,2023-06-10 08:00:00,Store B,Bob Jackson,Los Angeles,2023-01-28,Candle,Home & Garden,162.72,162.72
963,T0964,C097,P024,1,2023-06-10 12:00:00,Store C,Bob Thompson,San Francisco,2023-10-16,Lamp,Home & Garden,177.47,177.47
964,T0965,C080,P024,2,2023-06-10 16:00:00,Store B,Charlie Rodriguez,Seattle,2023-08-26,Lamp,Home & Garden,177.47,354.94
965,T0966,C091,P042,1,2023-06-10 20:00:00,Store B,Alice Davis,Seattle,2023-09-28,Dumbbells,Sports,402.17,402.17
966,T0967,C071,P004,1,2023-06-11 00:00:00,Store B,Ian Anderson,Los Angeles,2023-07-30,Monitor,Electronics,985.93,985.93
967,T0968,C029,P003,1,2023-06-11 04:00:00,Store B,Quinn Jackson,San Francisco,2023-03-26,Keyboard,Electronics,85.26,85.26
968,T0969,C030,P034,3,2023-06-11 08:00:00,Store B,Teresa Davis,Seattle,2023-03-29,Textbook,Books,24.38,73.14
969,T0970,C085,P049,1,2023-06-11 12:00:00,Store A,Ian Patel,Portland,2023-09-10,Bicycle,Sports,60.58,60.58
970,T0971,C067,P023,2,2023-06-11 16:00:00,Store A,Quinn Martinez,Seattle,2023-07-18,Vacuum,Home & Garden,213.37,426.74
971,T0972,C042,P023,2,2023-06-11 20:00:00,Store C,Diana Lee,San Francisco,2023-05-04,Vacuum,Home & Garden,213.37,426.74
972,T0973,C072,P045,3,2023-06-12 00:00:00,Store A,Charlie Kim,Seattle,2023-08-02,Running Shoes,Sports,400.96,1202.88
973,T0974,C018,P005,4,2023-06-12 04:00:00,Store A,Teresa Miller,San Francisco,2023-02-21,Tablet,Electronics,306.81,1227.24
974,T0975,C078,P031,1,2023-06-12 08:00:00,Store A,Diana Garcia,Seattle,2023-08-20,Fiction Novel,Books,39.63,39.63
975,T0976,C051,P041,1,2023-06-12 12:00:00,Store B,Fiona Miller,Sacramento,2023-05-31,Yoga Mat,Sports,258.24,258.24
976,T0977,C091,P006,3,2023-06-12 16:00:00,Store B,Alice Davis,Seattle,2023-09-28,Smartphone,Electronics,1413.66,4240.98
977,T0978,C055,P037,1,2023-06-12 20:00:00,Store C,Steve Patel,San Francisco,2023-06-12,Travel Guide,Books,42.4,42.4
978,T0979,C069,P010,2,2023-06-13 00:00:00,Store C,Laura Thompson,Seattle,2023-07-24,Power Bank,Electronics,72.41,144.82
979,T0980,C004,P040,2,2023-06-13 04:00:00,Store C,Eric Lee,San Francisco,2023-01-10,Reference Book,Books,30.45,60.9
980,T0981,C020,P007,2,2023-06-13 08:00:00,Store B,George Garcia,Portland,2023-02-27,Headphones,Electronics,1433.2,2866.4
981,T0982,C063,P039,4,2023-06-13 12:00:00,Store A,George Davis,San Diego,2023-07-06,Poetry,Books,46.53,186.12
982,T0983,C071,P038,5,2023-06-13 16:00:00,Store A,Ian Anderson,Los Angeles,2023-07-30,Self-Help,Books,44.68,223.4
983,T0984,C079,P021,2,2023-06-13 20:00:00,Store B,Hannah Patel,Portland,2023-08-23,Coffee Maker,Home & Garden,173.69,347.38
984,T0985,C053,P020,1,2023-06-14 00:00:00,Store C,Diana Kim,Sacramento,2023-06-06,Scarf,Clothing,42.03,42.03
985,T0986,C085,P003,3,2023-06-14 04:00:00,Store C,Ian Patel,Portland,2023-09-10,Keyboard,Electronics,85.26,255.78
986,T0987,C094,P022,1,2023-06-14 08:00:00,Store C,Fiona Garcia,San Francisco,2023-10-07,Blender,Home & Garden,281.8,281.8
987,T0988,C090,P047,1,2023-06-14 12:00:00,Store B,Charlie Chen,San Francisco,2023-09-25,Resistance Bands,Sports,178.93,178.93
988,T0989,C012,P004,3,2023-06-14 16:00:00,Store C,Fiona Davis,Sacramento,2023-02-03,Monitor,Electronics,985.93,2957.79
989,T0990,C071,P028,1,2023-06-14 20:00:00,Store C,Ian Anderson,Los Angeles,2023-07-30,Pillow,Home & Garden,54.92,54.92
990,T0991,C026,P012,1,2023-06-15 00:00:00,Store B,Oscar Brown,Los Angeles,2023-03-17,Jeans,Clothing,75.66,75.66
991,T0992,C047,P038,1,2023-06-15 04:00:00,Store A,Bob Garcia,Portland,2023-05-19,Self-Help,Books,44.68,44.68
992,T0993,C100,P036,3,2023-06-15 08:00:00,Store B,Eric Davis,Seattle,2023-10-25,Comic Book,Books,42.37,127.11
993,T0994,C033,P047,2,2023-06-15 12:00:00,Store B,Eric Chen,Seattle,2023-04-07,Resistance Bands,Sports,178.93,357.86
994,T0995,C072,P041,2,2023-06-15 16:00:00,Store B,Charlie Kim,Seattle,2023-08-02,Yoga Mat,Sports,258.24,516.48
995,T0996,C081,P005,1,2023-06-15 20:00:00,Store B,Charlie Anderson,San Diego,2023-08-29,Tablet,Electronics,306.81,306.81
996,T0997,C086,P013,3,2023-06-16 00:00:00,Store A,Alice Patel,Portland,2023-09-13,Sweater,Clothing,145.67,437.01
997,T0998,C077,P023,3,2023-06-16 04:00:00,Store C,Quinn Wilson,Los Angeles,2023-08-17,Vacuum,Home & Garden,213.37,640.11
998,T0999,C004,P050,1,2023-06-16 08:00:00,Store B,Eric Lee,San Francisco,2023-01-10,Skateboard,Sports,295.47,295.47
999,T1000,C057,P030,1,2023-06-16 12:00:00,Store A,Ian Chen,Seattle,2023-06-18,Picture Frame,Home & Garden,265.05,265.05
1000,T1001,C074,P037,1,2023-06-16 16:00:00,Store C,Teresa Wilson,San Diego,2023-08-08,Travel Guide,Books,42.4,42.4
1001,T1002,C023,P025,5,2023-06-16 20:00:00,Store C,Eric Chen,Portland,2023-03-08,Plant Pot,Home & Garden,42.7,213.5
1002,T1003,C059,P048,2,2023-06-17 00:00:00,Store C,Rachel Wilson,Seattle,2023-06-24,Jump Rope,Sports,197.16,394.32
1003,T1004,C010,P027,4,2023-06-17 04:00:00,Store B,Bob Jackson,Los Angeles,2023-01-28,Curtains,Home & Garden,297.17,1188.68
1004,T1005,C021,P014,1,2023-06-17 08:00:00,Store B,Hannah Brown,San Francisco,2023-03-02,Jacket,Clothing,145.27,145.27
1005,T1006,C064,P048,3,2023-06-17 12:00:00,Store C,Patricia Jackson,Portland,2023-07-09,Jump Rope,Sports,197.16,591.48
1006,T1007,C031,P047,3,2023-06-17 16:00:00,Store C,George Martinez,San Francisco,2023-04-01,Resistance Bands,Sports,178.93,536.79
1007,T1008,C077,P036,2,2023-06-17 20:00:00,Store C,Quinn Wilson,Los Angeles,2023-08-17,Comic Book,Books,42.37,84.74
1008,T1009,C085,P039,4,2023-06-18 00:00:00,Store C,Ian Patel,Portland,2023-09-10,Poetry,Books,46.53,186.12
1009,T1010,C091,P016,1,2023-06-18 04:00:00,Store C,Alice Davis,Seattle,2023-09-28,Hat,Clothing,58.28,58.28
1010,T1011,C042,P022,1,2023-06-18 08:00:00,Store C,Diana Lee,San Francisco,2023-05-04,Blender,Home & Garden,281.8,281.8
1011,T1012,C037,P021,2,2023-06-18 12:00:00,Store A,Eric Chen,Portland,2023-04-19,Coffee Maker,Home & Garden,173.69,347.38
1012,T1013,C026,P021,2,2023-06-18 16:00:00,Store C,Oscar Brown,Los Angeles,2023-03-17,Coffee Maker,Home & Garden,173.69,347.38
1013,T1014,C082,P008,2,2023-06-18 20:00:00,Store B,Rachel Rodriguez,San Francisco,2023-09-01,Webcam,Electronics,1376.55,2753.1
1014,T1015,C086,P049,1,2023-06-19 00:00:00,Store B,Alice Patel,Portland,2023-09-13,Bicycle,Sports,60.58,60.58
1015,T1016,C010,P016,2,2023-06-19 04:00:00,Store B,Bob Jackson,Los Angeles,2023-01-28,Hat,Clothing,58.28,116.56
1016,T1017,C098,P031,1,2023-06-19 08:00:00,Store C,Alice Davis,Portland,2023-10-19,Fiction Novel,Books,39.63,39.63
1017,T1018,C015,P042,1,2023-06-19 12:00:00,Store B,Kevin Jackson,Seattle,2023-02-12,Dumbbells,Sports,402.17,402.17
1018,T1019,C075,P010,2,2023-06-19 16:00:00,Store A,Alice Wilson,Los Angeles,2023-08-11,Power Bank,Electronics,72.41,144.82
1019,T1020,C086,P032,2,2023-06-19 20:00:00,Store C,Alice Patel,Portland,2023-09-13,Cookbook,Books,37.88,75.76
1020,T1021,C095,P034,1,2023-06-20 00:00:00,Store B,Michael Kim,Los Angeles,2023-10-10,Textbook,Books,24.38,24.38
1021,T1022,C086,P009,1,2023-06-20 04:00:00,Store A,Alice Patel,Portland,2023-09-13,USB Cable,Electronics,586.73,586.73
1022,T1023,C091,P017,1,2023-06-20 08:00:00,Store A,Alice Davis,Seattle,2023-09-28,Socks,Clothing,70.06,70.06
1023,T1024,C058,P011,1,2023-06-20 12:00:00,Store B,Hannah Lee,Seattle,2023-06-21,T-Shirt,Clothing,140.68,140.68
1024,T1025,C092,P032,3,2023-06-20 16:00:00,Store A,Steve Garcia,Los Angeles,2023-10-01,Cookbook,Books,37.88,113.64
1025,T1026,C021,P010,4,2023-06-20 20:00:00,Store B,Hannah Brown,San Francisco,2023-03-02,Power Bank,Electronics,72.41,289.64
1026,T1027,C096,P022,1,2023-06-21 00:00:00,Store A,Hannah Brown,San Francisco,2023-10-13,Blender,Home & Garden,281.8,281.8
1027,T1028,C076,P017,3,2023-06-21 04:00:00,Store C,Teresa Brown,Los Angeles,2023-08-14,Socks,Clothing,70.06,210.18
1028,T1029,C092,P004,3,2023-06-21 08:00:00,Store C,Steve Garcia,Los Angeles,2023-10-01,Monitor,Electronics,985.93,2957.79
1029,T1030,C069,P048,3,2023-06-21 12:00:00,Store C,Laura Thompson,Seattle,2023-07-24,Jump Rope,Sports,197.16,591.48
1030,T1031,C082,P047,1,2023-06-21 16:00:00,Store C,Rachel Rodriguez,San Francisco,2023-09-01,Resistance Bands,Sports,178.93,178.93
1031,T1032,C074,P025,4,2023-06-21 20:00:00,Store C,Teresa Wilson,San Diego,2023-08-08,Plant Pot,Home & Garden,42.7,170.8
1032,T1033,C087,P021,1,2023-06-22 00:00:00,Store B,Alice Rodriguez,Los Angeles,2023-09-16,Coffee Maker,Home & Garden,173.69,173.69
1033,T1034,C022,P037,1,2023-06-22 04:00:00,Store C,Ian Rodriguez,Seattle,2023-03-05,Travel Guide,Books,42.4,42.4
1034,T1035,C017,P038,1,2023-06-22 08:00:00,Store C,Alice Chen,Portland,2023-02-18,Self-Help,Books,44.68,44.68
1035,T1036,C048,P049,1,2023-06-22 12:00:00,Store C,Kevin Singh,San Francisco,2023-05-22,Bicycle,Sports,60.58,60.58
1036,T1037,C036,P001,1,2023-06-22 16:00:00,Store C,Bob Davis,San Diego,2023-04-16,Laptop,Electronics,1097.56,1097.56
1037,T1038,C095,P025,1,2023-06-22 20:00:00,Store A,Michael Kim,Los Angeles,2023-10-10,Plant Pot,Home & Garden,42.7,42.7
1038,T1039,C045,P036,1,2023-06-23 00:00:00,Store C,Fiona Wilson,Portland,2023-05-13,Comic Book,Books,42.37,42.37
1039,T1040,C099,P017,3,2023-06-23 04:00:00,Store C,Oscar Chen,Seattle,2023-10-22,Socks,Clothing,70.06,210.18
1040,T1041,C058,P041,3,2023-06-23 08:00:00,Store B,Hannah Lee,Seattle,2023-06-21,Yoga Mat,Sports,258.24,774.72
1041,T1042,C039,P024,1,2023-06-23 12:00:00,Store A,Bob Thompson,Los Angeles,2023-04-25,Lamp,Home & Garden,177.47,177.47
1042,T1043,C091,P002,3,2023-06-23 16:00:00,Store B,Alice Davis,Seattle,2023-09-28,Mouse,Electronics,457.12,1371.36
1043,T1044,C083,P040,3,2023-06-23 20:00:00,Store C,Rachel Martinez,Portland,2023-09-04,Reference Book,Books,30.45,91.35
1044,T1045,C072,P015,3,2023-06-24 00:00:00,Store B,Charlie Kim,Seattle,2023-08-02,Shoes,Clothing,130.89,392.67
1045,T1046,C076,P032,1,2023-06-24 04:00:00,Store B,Teresa Brown,Los Angeles,2023-08-14,Cookbook,Books,37.88,37.88
1046,T1047,C087,P039,2,2023-06-24 08:00:00,Store C,Alice Rodriguez,Los Angeles,2023-09-16,Poetry,Books,46.53,93.06
1047,T1048,C046,P006,4,2023-06-24 12:00:00,Store A,Eric Patel,Los Angeles,2023-05-16,Smartphone,Electronics,1413.66,5654.64
1048,T1049,C100,P001,2,2023-06-24 16:00:00,Store A,Eric Davis,Seattle,2023-10-25,Laptop,Electronics,1097.56,2195.12
1049,T1050,C099,P047,1,2023-06-24 20:00:00,Store B,Oscar Chen,Seattle,2023-10-22,Resistance Bands,Sports,178.93,178.93
1050,T1051,C083,P023,2,2023-06-25 00:00:00,Store C,Rachel Martinez,Portland,2023-09-04,Vacuum,Home & Garden,213.37,426.74
1051,T1052,C042,P039,2,2023-06-25 04:00:00,Store B,Diana Lee,San Francisco,2023-05-04,Poetry,Books,46.53,93.06
1052,T1053,C084,P017,2,2023-06-25 08:00:00,Store B,Charlie Miller,Seattle,2023-09-07,Socks,Clothing,70.06,140.12
1053,T1054,C020,P034,1,2023-06-25 12:00:00,Store B,George Garcia,Portland,2023-02-27,Textbook,Books,24.38,24.38
1054,T1055,C010,P041,1,2023-06-25 16:00:00,Store C,Bob Jackson,Los Angeles,2023-01-28,Yoga Mat,Sports,258.24,258.24
1055,T1056,C049,P029,3,2023-06-25 20:00:00,Store C,Patricia Chen,San Francisco,2023-05-25,Candle,Home & Garden,162.72,488.16
1056,T1057,C069,P009,3,2023-06-26 00:00:00,Store A,Laura Thompson,Seattle,2023-07-24,USB Cable,Electronics,586.73,1760.19
1057,T1058,C094,P013,1,2023-06-26 04:00:00,Store C,Fiona Garcia,San Francisco,2023-10-07,Sweater,Clothing,145.67,145.67
1058,T1059,C087,P006,4,2023-06-26 08:00:00,Store B,Alice Rodriguez,Los Angeles,2023-09-16,Smartphone,Electronics,1413.66,5654.64
1059,T1060,C088,P006,1,2023-06-26 12:00:00,Store B,Patricia Patel,San Francisco,2023-09-19,Smartphone,Electronics,1413.66,1413.66
1060,T1061,C066,P020,2,2023-06-26 16:00:00,Store A,Teresa Davis,San Francisco,2023-07-15,Scarf,Clothing,42.03,84.06
1061,T1062,C059,P003,3,2023-06-26 20:00:00,Store C,Rachel Wilson,Seattle,2023-06-24,Keyboard,Electronics,85.26,255.78
1062,T1063,C061,P017,3,2023-06-27 00:00:00,Store B,Rachel Lee,Portland,2023-06-30,Socks,Clothing,70.06,210.18
1063,T1064,C100,P049,4,2023-06-27 04:00:00,Store A,Eric Davis,Seattle,2023-10-25,Bicycle,Sports,60.58,242.32
1064,T1065,C012,P012,1,2023-06-27 08:00:00,Store A,Fiona Davis,Sacramento,2023-02-03,Jeans,Clothing,75.66,75.66
1065,T1066,C094,P048,3,2023-06-27 12:00:00,Store B,Fiona Garcia,San Francisco,2023-10-07,Jump Rope,Sports,197.16,591.48
1066,T1067,C078,P047,1,2023-06-27 16:00:00,Store B,Diana Garcia,Seattle,2023-08-20,Resistance Bands,Sports,178.93,178.93
1067,T1068,C067,P045,2,2023-06-27 20:00:00,Store C,Quinn Martinez,Seattle,2023-07-18,Running Shoes,Sports,400.96,801.92
1068,T1069,C087,P001,2,2023-06-28 00:00:00,Store A,Alice Rodriguez,Los Angeles,2023-09-16,Laptop,Electronics,1097.56,2195.12
1069,T1070,C071,P017,2,2023-06-28 04:00:00,Store B,Ian Anderson,Los Angeles,2023-07-30,Socks,Clothing,70.06,140.12
1070,T1071,C095,P003,1,2023-06-28 08:00:00,Store A,Michael Kim,Los Angeles,2023-10-10,Keyboard,Electronics,85.26,85.26
1071,T1072,C096,P026,3,2023-06-28 12:00:00,Store C,Hannah Brown,San Francisco,2023-10-13,Rug,Home & Garden,190.28,570.84
1072,T1073,C066,P015,1,2023-06-28 16:00:00,Store B,Teresa Davis,San Francisco,2023-07-15,Shoes,Clothing,130.89,130.89
1073,T1074,C052,P036,1,2023-06-28 20:00:00,Store C,Charlie Patel,Los Angeles,2023-06-03,Comic Book,Books,42.37,42.37
1074,T1075,C079,P032,2,2023-06-29 00:00:00,Store A,Hannah Patel,Portland,2023-08-23,Cookbook,Books,37.88,75.76
1075,T1076,C097,P032,1,2023-06-29 04:00:00,Store C,Bob Thompson,San Francisco,2023-10-16,Cookbook,Books,37.88,37.88
1076,T1077,C043,P004,3,2023-06-29 08:00:00,Store C,Kevin Wilson,Seattle,2023-05-07,Monitor,Electronics,985.93,2957.79
1077,T1078,C081,P018,1,2023-06-29 12:00:00,Store A,Charlie Anderson,San Diego,2023-08-29,Dress,Clothing,130.65,130.65
1078,T1079,C081,P049,1,2023-06-29 16:00:00,Store C,Charlie Anderson,San Diego,2023-08-29,Bicycle,Sports,60.58,60.58
1079,T1080,C087,P019,3,2023-06-29 20:00:00,Store A,Alice Rodriguez,Los Angeles,2023-09-16,Shorts,Clothing,61.2,183.6
1080,T1081,C031,P043,2,2023-06-30 00:00:00,Store B,George Martinez,San Francisco,2023-04-01,Tennis Racket,Sports,330.23,660.46
1081,T1082,C086,P035,1,2023-06-30 04:00:00,Store A,Alice Patel,Portland,2023-09-13,Magazine,Books,21.74,21.74
1082,T1083,C096,P040,2,2023-06-30 08:00:00,Store A,Hannah Brown,San Francisco,2023-10-13,Reference Book,Books,30.45,60.9
1083,T1084,C039,P014,2,2023-06-30 12:00:00,Store B,Bob Thompson,Los Angeles,2023-04-25,Jacket,Clothing,145.27,290.54
1084,T1085,C047,P033,2,2023-06-30 16:00:00,Store A,Bob Garcia,Portland,2023-05-19,Biography,Books,38.1,76.2
1085,T1086,C099,P014,1,2023-06-30 20:00:00,Store B,Oscar Chen,Seattle,2023-10-22,Jacket,Clothing,145.27,145.27
1086,T1087,C039,P034,3,2023-07-01 00:00:00,Store B,Bob Thompson,Los Angeles,2023-04-25,Textbook,Books,24.38,73.14
1087,T1088,C094,P004,3,2023-07-01 04:00:00,Store A,Fiona Garcia,San Francisco,2023-10-07,Monitor,Electronics,985.93,2957.79
1088,T1089,C072,P024,2,2023-07-01 08:00:00,Store C,Charlie Kim,Seattle,2023-08-02,Lamp,Home & Garden,177.47,354.94
1089,T1090,C048,P029,1,2023-07-01 12:00:00,Store C,Kevin Singh,San Francisco,2023-05-22,Candle,Home & Garden,162.72,162.72
1090,T1091,C095,P019,3,2023-07-01 16:00:00,Store B,Michael Kim,Los Angeles,2023-10-10,Shorts,Clothing,61.2,183.6
1091,T1092,C068,P006,2,2023-07-01 20:00:00,Store C,Alice Rodriguez,San Diego,2023-07-21,Smartphone,Electronics,1413.66,2827.32
1092,T1093,C073,P033,2,2023-07-02 00:00:00,Store C,Patricia Kim,Seattle,2023-08-05,Biography,Books,38.1,76.2
1093,T1094,C060,P049,1,2023-07-02 04:00:00,Store A,Alice Brown,Portland,2023-06-27,Bicycle,Sports,60.58,60.58
1094,T1095,C079,P040,3,2023-07-02 08:00:00,Store B,Hannah Patel,Portland,2023-08-23,Reference Book,Books,30.45,91.35
1095,T1096,C036,P019,2,2023-07-02 12:00:00,Store B,Bob Davis,San Diego,2023-04-16,Shorts,Clothing,61.2,122.4
1096,T1097,C063,P001,1,2023-07-02 16:00:00,Store A,George Davis,San Diego,2023-07-06,Laptop,Electronics,1097.56,1097.56
1097,T1098,C099,P005,1,2023-07-02 20:00:00,Store C,Oscar Chen,Seattle,2023-10-22,Tablet,Electronics,306.81,306.81
1098,T1099,C049,P027,3,2023-07-03 00:00:00,Store B,Patricia Chen,San Francisco,2023-05-25,Curtains,Home & Garden,297.17,891.51
1099,T1100,C083,P016,1,2023-07-03 04:00:00,Store C,Rachel Martinez,Portland,2023-09-04,Hat,Clothing,58.28,58.28
1100,T1101,C057,P006,4,2023-07-03 08:00:00,Store B,Ian Chen,Seattle,2023-06-18,Smartphone,Electronics,1413.66,5654.64
1101,T1102,C090,P040,2,2023-07-03 12:00:00,Store B,Charlie Chen,San Francisco,2023-09-25,Reference Book,Books,30.45,60.9
1102,T1103,C031,P013,2,2023-07-03 16:00:00,Store B,George Martinez,San Francisco,2023-04-01,Sweater,Clothing,145.67,291.34
1103,T1104,C099,P048,1,2023-07-03 20:00:00,Store B,Oscar Chen,Seattle,2023-10-22,Jump Rope,Sports,197.16,197.16
1104,T1105,C069,P035,1,2023-07-04 00:00:00,Store C,Laura Thompson,Seattle,2023-07-24,Magazine,Books,21.74,21.74
1105,T1106,C047,P019,4,2023-07-04 04:00:00,Store C,Bob Garcia,Portland,2023-05-19,Shorts,Clothing,61.2,244.8
1106,T1107,C020,P012,1,2023-07-04 08:00:00,Store C,George Garcia,Portland,2023-02-27,Jeans,Clothing,75.66,75.66
1107,T1108,C037,P016,3,2023-07-04 12:00:00,Store C,Eric Chen,Portland,2023-04-19,Hat,Clothing,58.28,174.84
1108,T1109,C074,P043,1,2023-07-04 16:00:00,Store A,Teresa Wilson,San Diego,2023-08-08,Tennis Racket,Sports,330.23,330.23
1109,T1110,C058,P010,1,2023-07-04 20:00:00,Store B,Hannah Lee,Seattle,2023-06-21,Power Bank,Electronics,72.41,72.41
1110,T1111,C093,P025,1,2023-07-05 00:00:00,Store B,Nina Rodriguez,Los Angeles,2023-10-04,Plant Pot,Home & Garden,42.7,42.7
1111,T1112,C067,P020,2,2023-07-05 04:00:00,Store B,Quinn Martinez,Seattle,2023-07-18,Scarf,Clothing,42.03,84.06
1112,T1113,C048,P031,5,2023-07-05 08:00:00,Store A,Kevin Singh,San Francisco,2023-05-22,Fiction Novel,Books,39.63,198.15
1113,T1114,C081,P004,1,2023-07-05 12:00:00,Store C,Charlie Anderson,San Diego,2023-08-29,Monitor,Electronics,985.93,985.93
1114,T1115,C086,P044,1,2023-07-05 16:00:00,Store B,Alice Patel,Portland,2023-09-13,Soccer Ball,Sports,355.45,355.45
1115,T1116,C037,P023,1,2023-07-05 20:00:00,Store C,Eric Chen,Portland,2023-04-19,Vacuum,Home & Garden,213.37,213.37
1116,T1117,C037,P002,2,2023-07-06 00:00:00,Store C,Eric Chen,Portland,2023-04-19,Mouse,Electronics,457.12,914.24
1117,T1118,C011,P022,1,2023-07-06 04:00:00,Store A,Michael Rodriguez,Seattle,2023-01-31,Blender,Home & Garden,281.8,281.8
1118,T1119,C088,P037,3,2023-07-06 08:00:00,Store A,Patricia Patel,San Francisco,2023-09-19,Travel Guide,Books,42.4,127.2
1119,T1120,C083,P008,2,2023-07-06 12:00:00,Store C,Rachel Martinez,Portland,2023-09-04,Webcam,Electronics,1376.55,2753.1
1120,T1121,C070,P007,2,2023-07-06 16:00:00,Store B,Eric Brown,Sacramento,2023-07-27,Headphones,Electronics,1433.2,2866.4
1121,T1122,C093,P014,1,2023-07-06 20:00:00,Store B,Nina Rodriguez,Los Angeles,2023-10-04,Jacket,Clothing,145.27,145.27
1122,T1123,C091,P003,5,2023-07-07 00:00:00,Store A,Alice Davis,Seattle,2023-09-28,Keyboard,Electronics,85.26,426.3
1123,T1124,C078,P050,1,2023-07-07 04:00:00,Store A,Diana Garcia,Seattle,2023-08-20,Skateboard,Sports,295.47,295.47
1124,T1125,C094,P016,1,2023-07-07 08:00:00,Store A,Fiona Garcia,San Francisco,2023-10-07,Hat,Clothing,58.28,58.28
1125,T1126,C043,P019,2,2023-07-07 12:00:00,Store A,Kevin Wilson,Seattle,2023-05-07,Shorts,Clothing,61.2,122.4
1126,T1127,C028,P018,2,2023-07-07 16:00:00,Store A,Quinn Rodriguez,San Francisco,2023-03-23,Dress,Clothing,130.65,261.3
1127,T1128,C051,P016,1,2023-07-07 20:00:00,Store A,Fiona Miller,Sacramento,2023-05-31,Hat,Clothing,58.28,58.28
1128,T1129,C016,P008,1,2023-07-08 00:00:00,Store A,George Rodriguez,Seattle,2023-02-15,Webcam,Electronics,1376.55,1376.55
1129,T1130,C075,P033,3,2023-07-08 04:00:00,Store B,Alice Wilson,Los Angeles,2023-08-11,Biography,Books,38.1,114.3
1130,T1131,C098,P049,1,2023-07-08 08:00:00,Store A,Alice Davis,Portland,2023-10-19,Bicycle,Sports,60.58,60.58
1131,T1132,C012,P012,3,2023-07-08 12:00:00,Store A,Fiona Davis,Sacramento,2023-02-03,Jeans,Clothing,75.66,226.98
1132,T1133,C030,P011,2,2023-07-08 16:00:00,Store B,Teresa Davis,Seattle,2023-03-29,T-Shirt,Clothing,140.68,281.36
1133,T1134,C069,P005,1,2023-07-08 20:00:00,Store B,Laura Thompson,Seattle,2023-07-24,Tablet,Electronics,306.81,306.81
1134,T1135,C098,P027,1,2023-07-09 00:00:00,Store C,Alice Davis,Portland,2023-10-19,Curtains,Home & Garden,297.17,297.17
1135,T1136,C056,P012,1,2023-07-09 04:00:00,Store A,George Patel,Sacramento,2023-06-15,Jeans,Clothing,75.66,75.66
1136,T1137,C073,P017,3,2023-07-09 08:00:00,Store A,Patricia Kim,Seattle,2023-08-05,Socks,Clothing,70.06,210.18
1137,T1138,C012,P006,2,2023-07-09 12:00:00,Store A,Fiona Davis,Sacramento,2023-02-03,Smartphone,Electronics,1413.66,2827.32
1138,T1139,C034,P033,1,2023-07-09 16:00:00,Store A,Quinn Brown,Sacramento,2023-04-10,Biography,Books,38.1,38.1
1139,T1140,C100,P005,2,2023-07-09 20:00:00,Store C,Eric Davis,Seattle,2023-10-25,Tablet,Electronics,306.81,613.62
1140,T1141,C099,P028,5,2023-07-10 00:00:00,Store B,Oscar Chen,Seattle,2023-10-22,Pillow,Home & Garden,54.92,274.6
1141,T1142,C002,P014,1,2023-07-10 04:00:00,Store B,Teresa Miller,Sacramento,2023-01-04,Jacket,Clothing,145.27,145.27
1142,T1143,C098,P005,4,2023-07-10 08:00:00,Store A,Alice Davis,Portland,2023-10-19,Tablet,Electronics,306.81,1227.24
1143,T1144,C082,P033,1,2023-07-10 12:00:00,Store A,Rachel Rodriguez,San Francisco,2023-09-01,Biography,Books,38.1,38.1
1144,T1145,C094,P050,1,2023-07-10 16:00:00,Store A,Fiona Garcia,San Francisco,2023-10-07,Skateboard,Sports,295.47,295.47
1145,T1146,C069,P048,1,2023-07-10 20:00:00,Store C,Laura Thompson,Seattle,2023-07-24,Jump Rope,Sports,197.16,197.16
1146,T1147,C074,P041,1,2023-07-11 00:00:00,Store C,Teresa Wilson,San Diego,2023-08-08,Yoga Mat,Sports,258.24,258.24
1147,T1148,C072,P019,1,2023-07-11 04:00:00,Store B,Charlie Kim,Seattle,2023-08-02,Shorts,Clothing,61.2,61.2
1148,T1149,C084,P022,1,2023-07-11 08:00:00,Store A,Charlie Miller,Seattle,2023-09-07,Blender,Home & Garden,281.8,281.8
1149,T1150,C033,P005,4,2023-07-11 12:00:00,Store A,Eric Chen,Seattle,2023-04-07,Tablet,Electronics,306.81,1227.24
1150,T1151,C009,P002,3,2023-07-11 16:00:00,Store A,Steve Garcia,San Francisco,2023-01-25,Mouse,Electronics,457.12,1371.36
1151,T1152,C055,P030,2,2023-07-11 20:00:00,Store A,Steve Patel,San Francisco,2023-06-12,Picture Frame,Home & Garden,265.05,530.1
1152,T1153,C086,P047,1,2023-07-12 00:00:00,Store C,Alice Patel,Portland,2023-09-13,Resistance Bands,Sports,178.93,178.93
1153,T1154,C042,P039,1,2023-07-12 04:00:00,Store B,Diana Lee,San Francisco,2023-05-04,Poetry,Books,46.53,46.53
1154,T1155,C084,P004,1,2023-07-12 08:00:00,Store B,Charlie Miller,Seattle,2023-09-07,Monitor,Electronics,985.93,985.93
1155,T1156,C099,P033,2,2023-07-12 12:00:00,Store C,Oscar Chen,Seattle,2023-10-22,Biography,Books,38.1,76.2
1156,T1157,C024,P013,4,2023-07-12 16:00:00,Store A,Steve Jackson,Portland,2023-03-11,Sweater,Clothing,145.67,582.68
1157,T1158,C084,P020,1,2023-07-12 20:00:00,Store B,Charlie Miller,Seattle,2023-09-07,Scarf,Clothing,42.03,42.03
1158,T1159,C068,P007,1,2023-07-13 00:00:00,Store B,Alice Rodriguez,San Diego,2023-07-21,Headphones,Electronics,1433.2,1433.2
1159,T1160,C094,P015,2,2023-07-13 04:00:00,Store C,Fiona Garcia,San Francisco,2023-10-07,Shoes,Clothing,130.89,261.78
1160,T1161,C039,P023,1,2023-07-13 08:00:00,Store A,Bob Thompson,Los Angeles,2023-04-25,Vacuum,Home & Garden,213.37,213.37
1161,T1162,C085,P014,1,2023-07-13 12:00:00,Store B,Ian Patel,Portland,2023-09-10,Jacket,Clothing,145.27,145.27
1162,T1163,C093,P023,2,2023-07-13 16:00:00,Store A,Nina Rodriguez,Los Angeles,2023-10-04,Vacuum,Home & Garden,213.37,426.74
1163,T1164,C098,P019,2,2023-07-13 20:00:00,Store B,Alice Davis,Portland,2023-10-19,Shorts,Clothing,61.2,122.4
1164,T1165,C085,P029,1,2023-07-14 00:00:00,Store C,Ian Patel,Portland,2023-09-10,Candle,Home & Garden,162.72,162.72
1165,T1166,C072,P020,1,2023-07-14 04:00:00,Store A,Charlie Kim,Seattle,2023-08-02,Scarf,Clothing,42.03,42.03
1166,T1167,C081,P029,5,2023-07-14 08:00:00,Store C,Charlie Anderson,San Diego,2023-08-29,Candle,Home & Garden,162.72,813.6
1167,T1168,C095,P024,1,2023-07-14 12:00:00,Store B,Michael Kim,Los Angeles,2023-10-10,Lamp,Home & Garden,177.47,177.47
1168,T1169,C077,P018,1,2023-07-14 16:00:00,Store C,Quinn Wilson,Los Angeles,2023-08-17,Dress,Clothing,130.65,130.65
1169,T1170,C009,P010,1,2023-07-14 20:00:00,Store C,Steve Garcia,San Francisco,2023-01-25,Power Bank,Electronics,72.41,72.41
1170,T1171,C097,P041,1,2023-07-15 00:00:00,Store C,Bob Thompson,San Francisco,2023-10-16,Yoga Mat,Sports,258.24,258.24
1171,T1172,C085,P008,1,2023-07-15 04:00:00,Store B,Ian Patel,Portland,2023-09-10,Webcam,Electronics,1376.55,1376.55
1172,T1173,C084,P026,3,2023-07-15 08:00:00,Store A,Charlie Miller,Seattle,2023-09-07,Rug,Home & Garden,190.28,570.84
1173,T1174,C044,P029,1,2023-07-15 12:00:00,Store C,Quinn Singh,Sacramento,2023-05-10,Candle,Home & Garden,162.72,162.72
1174,T1175,C083,P010,1,2023-07-15 16:00:00,Store A,Rachel Martinez,Portland,2023-09-04,Power Bank,Electronics,72.41,72.41
1175,T1176,C064,P017,2,2023-07-15 20:00:00,Store B,Patricia Jackson,Portland,2023-07-09,Socks,Clothing,70.06,140.12
1176,T1177,C083,P002,2,2023-07-16 00:00:00,Store A,Rachel Martinez,Portland,2023-09-04,Mouse,Electronics,457.12,914.24
1177,T1178,C027,P006,3,2023-07-16 04:00:00,Store C,Ian Patel,Seattle,2023-03-20,Smartphone,Electronics,1413.66,4240.98
1178,T1179,C083,P005,3,2023-07-16 08:00:00,Store C,Rachel Martinez,Portland,2023-09-04,Tablet,Electronics,306.81,920.43
1179,T1180,C100,P028,1,2023-07-16 12:00:00,Store C,Eric Davis,Seattle,2023-10-25,Pillow,Home & Garden,54.92,54.92
1180,T1181,C014,P041,3,2023-07-16 16:00:00,Store C,Teresa Rodriguez,Seattle,2023-02-09,Yoga Mat,Sports,258.24,774.72
1181,T1182,C100,P005,1,2023-07-16 20:00:00,Store C,Eric Davis,Seattle,2023-10-25,Tablet,Electronics,306.81,306.81
1182,T1183,C065,P018,5,2023-07-17 00:00:00,Store C,Patricia Anderson,Portland,2023-07-12,Dress,Clothing,130.65,653.25
1183,T1184,C095,P026,1,2023-07-17 04:00:00,Store B,Michael Kim,Los Angeles,2023-10-10,Rug,Home & Garden,190.28,190.28
1184,T1185,C090,P020,5,2023-07-17 08:00:00,Store B,Charlie Chen,San Francisco,2023-09-25,Scarf,Clothing,42.03,210.15
1185,T1186,C077,P041,3,2023-07-17 12:00:00,Store B,Quinn Wilson,Los Angeles,2023-08-17,Yoga Mat,Sports,258.24,774.72
1186,T1187,C088,P049,1,2023-07-17 16:00:00,Store A,Patricia Patel,San Francisco,2023-09-19,Bicycle,Sports,60.58,60.58
1187,T1188,C095,P027,2,2023-07-17 20:00:00,Store A,Michael Kim,Los Angeles,2023-10-10,Curtains,Home & Garden,297.17,594.34
1188,T1189,C064,P049,5,2023-07-18 00:00:00,Store B,Patricia Jackson,Portland,2023-07-09,Bicycle,Sports,60.58,302.9
1189,T1190,C057,P012,3,2023-07-18 04:00:00,Store A,Ian Chen,Seattle,2023-06-18,Jeans,Clothing,75.66,226.98
1190,T1191,C084,P007,1,2023-07-18 08:00:00,Store A,Charlie Miller,Seattle,2023-09-07,Headphones,Electronics,1433.2,1433.2
1191,T1192,C091,P003,2,2023-07-18 12:00:00,Store C,Alice Davis,Seattle,2023-09-28,Keyboard,Electronics,85.26,170.52
1192,T1193,C089,P010,1,2023-07-18 16:00:00,Store C,Hannah Lee,San Diego,2023-09-22,Power Bank,Electronics,72.41,72.41
1193,T1194,C091,P034,1,2023-07-18 20:00:00,Store A,Alice Davis,Seattle,2023-09-28,Textbook,Books,24.38,24.38
1194,T1195,C067,P025,1,2023-07-19 00:00:00,Store A,Quinn Martinez,Seattle,2023-07-18,Plant Pot,Home & Garden,42.7,42.7
1195,T1196,C092,P035,1,2023-07-19 04:00:00,Store B,Steve Garcia,Los Angeles,2023-10-01,Magazine,Books,21.74,21.74
1196,T1197,C029,P016,3,2023-07-19 08:00:00,Store A,Quinn Jackson,San Francisco,2023-03-26,Hat,Clothing,58.28,174.84
1197,T1198,C076,P002,1,2023-07-19 12:00:00,Store C,Teresa Brown,Los Angeles,2023-08-14,Mouse,Electronics,457.12,457.12
1198,T1199,C002,P024,3,2023-07-19 16:00:00,Store A,Teresa Miller,Sacramento,2023-01-04,Lamp,Home & Garden,177.47,532.41
1199,T1200,C057,P010,1,2023-07-19 20:00:00,Store B,Ian Chen,Seattle,2023-06-18,Power Bank,Electronics,72.41,72.41
1200,T1201,C061,P038,1,2023-07-20 00:00:00,Store C,Rachel Lee,Portland,2023-06-30,Self-Help,Books,44.68,44.68
1201,T1202,C064,P022,1,2023-07-20 04:00:00,Store C,Patricia Jackson,Portland,2023-07-09,Blender,Home & Garden,281.8,281.8
1202,T1203,C085,P026,1,2023-07-20 08:00:00,Store C,Ian Patel,Portland,2023-09-10,Rug,Home & Garden,190.28,190.28
1203,T1204,C063,P043,1,2023-07-20 12:00:00,Store C,George Davis,San Diego,2023-07-06,Tennis Racket,Sports,330.23,330.23
1204,T1205,C068,P039,1,2023-07-20 16:00:00,Store A,Alice Rodriguez,San Diego,2023-07-21,Poetry,Books,46.53,46.53
1205,T1206,C047,P027,2,2023-07-20 20:00:00,Store B,Bob Garcia,Portland,2023-05-19,Curtains,Home & Garden,297.17,594.34
1206,T1207,C062,P029,1,2023-07-21 00:00:00,Store A,Julia Kim,Portland,2023-07-03,Candle,Home & Garden,162.72,162.72
1207,T1208,C046,P047,1,2023-07-21 04:00:00,Store A,Eric Patel,Los Angeles,2023-05-16,Resistance Bands,Sports,178.93,178.93
1208,T1209,C020,P038,1,2023-07-21 08:00:00,Store C,George Garcia,Portland,2023-02-27,Self-Help,Books,44.68,44.68
1209,T1210,C080,P020,3,2023-07-21 12:00:00,Store B,Charlie Rodriguez,Seattle,2023-08-26,Scarf,Clothing,42.03,126.09
1210,T1211,C084,P027,4,2023-07-21 16:00:00,Store C,Charlie Miller,Seattle,2023-09-07,Curtains,Home & Garden,297.17,1188.68
1211,T1212,C081,P041,1,2023-07-21 20:00:00,Store A,Charlie Anderson,San Diego,2023-08-29,Yoga Mat,Sports,258.24,258.24
1212,T1213,C070,P020,1,2023-07-22 00:00:00,Store A,Eric Brown,Sacramento,2023-07-27,Scarf,Clothing,42.03,42.03
1213,T1214,C062,P044,1,2023-07-22 04:00:00,Store C,Julia Kim,Portland,2023-07-03,Soccer Ball,Sports,355.45,355.45
1214,T1215,C094,P019,4,2023-07-22 08:00:00,Store A,Fiona Garcia,San Francisco,2023-10-07,Shorts,Clothing,61.2,244.8
1215,T1216,C074,P020,1,2023-07-22 12:00:00,Store A,Teresa Wilson,San Diego,2023-08-08,Scarf,Clothing,42.03,42.03
1216,T1217,C071,P035,1,2023-07-22 16:00:00,Store C,Ian Anderson,Los Angeles,2023-07-30,Magazine,Books,21.74,21.74
1217,T1218,C008,P047,1,2023-07-22 20:00:00,Store A,George Brown,San Diego,2023-01-22,Resistance Bands,Sports,178.93,178.93
1218,T1219,C059,P002,1,2023-07-23 00:00:00,Store B,Rachel Wilson,Seattle,2023-06-24,Mouse,Electronics,457.12,457.12
1219,T1220,C062,P030,1,2023-07-23 04:00:00,Store C,Julia Kim,Portland,2023-07-03,Picture Frame,Home & Garden,265.05,265.05
1220,T1221,C064,P034,3,2023-07-23 08:00:00,Store B,Patricia Jackson,Portland,2023-07-09,Textbook,Books,24.38,73.14
1221,T1222,C078,P022,1,2023-07-23 12:00:00,Store A,Diana Garcia,Seattle,2023-08-20,Blender,Home & Garden,281.8,281.8
1222,T1223,C075,P003,2,2023-07-23 16:00:00,Store A,Alice Wilson,Los Angeles,2023-08-11,Keyboard,Electronics,85.26,170.52
1223,T1224,C080,P006,1,2023-07-23 20:00:00,Store C,Charlie Rodriguez,Seattle,2023-08-26,Smartphone,Electronics,1413.66,1413.66
1224,T1225,C089,P015,1,2023-07-24 00:00:00,Store A,Hannah Lee,San Diego,2023-09-22,Shoes,Clothing,130.89,130.89
1225,T1226,C092,P027,4,2023-07-24 04:00:00,Store C,Steve Garcia,Los Angeles,2023-10-01,Curtains,Home & Garden,297.17,1188.68
1226,T1227,C087,P010,1,2023-07-24 08:00:00,Store C,Alice Rodriguez,Los Angeles,2023-09-16,Power Bank,Electronics,72.41,72.41
1227,T1228,C099,P009,3,2023-07-24 12:00:00,Store C,Oscar Chen,Seattle,2023-10-22,USB Cable,Electronics,586.73,1760.19
1228,T1229,C006,P033,2,2023-07-24 16:00:00,Store C,Oscar Brown,Seattle,2023-01-16,Biography,Books,38.1,76.2
1229,T1230,C041,P032,1,2023-07-24 20:00:00,Store C,Fiona Lee,Seattle,2023-05-01,Cookbook,Books,37.88,37.88
1230,T1231,C003,P048,4,2023-07-25 00:00:00,Store B,Diana Rodriguez,Los Angeles,2023-01-07,Jump Rope,Sports,197.16,788.64
1231,T1232,C082,P006,1,2023-07-25 04:00:00,Store C,Rachel Rodriguez,San Francisco,2023-09-01,Smartphone,Electronics,1413.66,1413.66
1232,T1233,C096,P041,3,2023-07-25 08:00:00,Store B,Hannah Brown,San Francisco,2023-10-13,Yoga Mat,Sports,258.24,774.72
1233,T1234,C048,P036,1,2023-07-25 12:00:00,Store A,Kevin Singh,San Francisco,2023-05-22,Comic Book,Books,42.37,42.37
1234,T1235,C097,P002,3,2023-07-25 16:00:00,Store C,Bob Thompson,San Francisco,2023-10-16,Mouse,Electronics,457.12,1371.36
1235,T1236,C017,P029,1,2023-07-25 20:00:00,Store A,Alice Chen,Portland,2023-02-18,Candle,Home & Garden,162.72,162.72
1236,T1237,C098,P004,2,2023-07-26 00:00:00,Store C,Alice Davis,Portland,2023-10-19,Monitor,Electronics,985.93,1971.86
1237,T1238,C060,P001,3,2023-07-26 04:00:00,Store B,Alice Brown,Portland,2023-06-27,Laptop,Electronics,1097.56,3292.68
1238,T1239,C026,P019,4,2023-07-26 08:00:00,Store B,Oscar Brown,Los Angeles,2023-03-17,Shorts,Clothing,61.2,244.8
1239,T1240,C071,P026,4,2023-07-26 12:00:00,Store B,Ian Anderson,Los Angeles,2023-07-30,Rug,Home & Garden,190.28,761.12
1240,T1241,C049,P025,3,2023-07-26 16:00:00,Store A,Patricia Chen,San Francisco,2023-05-25,Plant Pot,Home & Garden,42.7,128.1
1241,T1242,C053,P010,3,2023-07-26 20:00:00,Store C,Diana Kim,Sacramento,2023-06-06,Power Bank,Electronics,72.41,217.23
1242,T1243,C055,P015,1,2023-07-27 00:00:00,Store A,Steve Patel,San Francisco,2023-06-12,Shoes,Clothing,130.89,130.89
1243,T1244,C091,P022,1,2023-07-27 04:00:00,Store B,Alice Davis,Seattle,2023-09-28,Blender,Home & Garden,281.8,281.8
1244,T1245,C075,P048,1,2023-07-27 08:00:00,Store A,Alice Wilson,Los Angeles,2023-08-11,Jump Rope,Sports,197.16,197.16
1245,T1246,C055,P021,1,2023-07-27 12:00:00,Store B,Steve Patel,San Francisco,2023-06-12,Coffee Maker,Home & Garden,173.69,173.69
1246,T1247,C080,P022,1,2023-07-27 16:00:00,Store B,Charlie Rodriguez,Seattle,2023-08-26,Blender,Home & Garden,281.8,281.8
1247,T1248,C087,P036,2,2023-07-27 20:00:00,Store B,Alice Rodriguez,Los Angeles,2023-09-16,Comic Book,Books,42.37,84.74
1248,T1249,C051,P034,1,2023-07-28 00:00:00,Store C,Fiona Miller,Sacramento,2023-05-31,Textbook,Books,24.38,24.38
1249,T1250,C065,P030,2,2023-07-28 04:00:00,Store C,Patricia Anderson,Portland,2023-07-12,Picture Frame,Home & Garden,265.05,530.1
1250,T1251,C030,P025,1,2023-07-28 08:00:00,Store B,Teresa Davis,Seattle,2023-03-29,Plant Pot,Home & Garden,42.7,42.7
1251,T1252,C039,P045,1,2023-07-28 12:00:00,Store A,Bob Thompson,Los Angeles,2023-04-25,Running Shoes,Sports,400.96,400.96
1252,T1253,C084,P028,2,2023-07-28 16:00:00,Store A,Charlie Miller,Seattle,2023-09-07,Pillow,Home & Garden,54.92,109.84
1253,T1254,C039,P001,3,2023-07-28 20:00:00,Store C,Bob Thompson,Los Angeles,2023-04-25,Laptop,Electronics,1097.56,3292.68
1254,T1255,C074,P049,2,2023-07-29 00:00:00,Store B,Teresa Wilson,San Diego,2023-08-08,Bicycle,Sports,60.58,121.16
1255,T1256,C086,P045,2,2023-07-29 04:00:00,Store A,Alice Patel,Portland,2023-09-13,Running Shoes,Sports,400.96,801.92
1256,T1257,C027,P004,1,2023-07-29 08:00:00,Store B,Ian Patel,Seattle,2023-03-20,Monitor,Electronics,985.93,985.93
1257,T1258,C077,P007,2,2023-07-29 12:00:00,Store A,Quinn Wilson,Los Angeles,2023-08-17,Headphones,Electronics,1433.2,2866.4
1258,T1259,C049,P049,1,2023-07-29 16:00:00,Store C,Patricia Chen,San Francisco,2023-05-25,Bicycle,Sports,60.58,60.58
1259,T1260,C099,P009,1,2023-07-29 20:00:00,Store B,Oscar Chen,Seattle,2023-10-22,USB Cable,Electronics,586.73,586.73
1260,T1261,C071,P036,1,2023-07-30 00:00:00,Store B,Ian Anderson,Los Angeles,2023-07-30,Comic Book,Books,42.37,42.37
1261,T1262,C091,P019,1,2023-07-30 04:00:00,Store A,Alice Davis,Seattle,2023-09-28,Shorts,Clothing,61.2,61.2
1262,T1263,C076,P001,1,2023-07-30 08:00:00,Store A,Teresa Brown,Los Angeles,2023-08-14,Laptop,Electronics,1097.56,1097.56
1263,T1264,C013,P010,4,2023-07-30 12:00:00,Store A,Laura Davis,San Diego,2023-02-06,Power Bank,Electronics,72.41,289.64
1264,T1265,C082,P036,4,2023-07-30 16:00:00,Store B,Rachel Rodriguez,San Francisco,2023-09-01,Comic Book,Books,42.37,169.48
1265,T1266,C098,P009,1,2023-07-30 20:00:00,Store C,Alice Davis,Portland,2023-10-19,USB Cable,Electronics,586.73,586.73
1266,T1267,C080,P045,1,2023-07-31 00:00:00,Store C,Charlie Rodriguez,Seattle,2023-08-26,Running Shoes,Sports,400.96,400.96
1267,T1268,C092,P046,1,2023-07-31 04:00:00,Store A,Steve Garcia,Los Angeles,2023-10-01,Water Bottle,Sports,446.65,446.65
1268,T1269,C095,P042,1,2023-07-31 08:00:00,Store C,Michael Kim,Los Angeles,2023-10-10,Dumbbells,Sports,402.17,402.17
1269,T1270,C046,P032,4,2023-07-31 12:00:00,Store A,Eric Patel,Los Angeles,2023-05-16,Cookbook,Books,37.88,151.52
1270,T1271,C044,P032,1,2023-07-31 16:00:00,Store C,Quinn Singh,Sacramento,2023-05-10,Cookbook,Books,37.88,37.88
1271,T1272,C080,P006,3,2023-07-31 20:00:00,Store B,Charlie Rodriguez,Seattle,2023-08-26,Smartphone,Electronics,1413.66,4240.98
1272,T1273,C065,P048,1,2023-08-01 00:00:00,Store A,Patricia Anderson,Portland,2023-07-12,Jump Rope,Sports,197.16,197.16
1273,T1274,C093,P038,5,2023-08-01 04:00:00,Store C,Nina Rodriguez,Los Angeles,2023-10-04,Self-Help,Books,44.68,223.4
1274,T1275,C096,P017,1,2023-08-01 08:00:00,Store B,Hannah Brown,San Francisco,2023-10-13,Socks,Clothing,70.06,70.06
1275,T1276,C060,P010,3,2023-08-01 12:00:00,Store C,Alice Brown,Portland,2023-06-27,Power Bank,Electronics,72.41,217.23
1276,T1277,C047,P050,1,2023-08-01 16:00:00,Store B,Bob Garcia,Portland,2023-05-19,Skateboard,Sports,295.47,295.47
1277,T1278,C090,P027,2,2023-08-01 20:00:00,Store B,Charlie Chen,San Francisco,2023-09-25,Curtains,Home & Garden,297.17,594.34
1278,T1279,C051,P050,1,2023-08-02 00:00:00,Store C,Fiona Miller,Sacramento,2023-05-31,Skateboard,Sports,295.47,295.47
1279,T1280,C092,P035,1,2023-08-02 04:00:00,Store C,Steve Garcia,Los Angeles,2023-10-01,Magazine,Books,21.74,21.74
1280,T1281,C066,P021,4,2023-08-02 08:00:00,Store B,Teresa Davis,San Francisco,2023-07-15,Coffee Maker,Home & Garden,173.69,694.76
1281,T1282,C084,P025,4,2023-08-02 12:00:00,Store B,Charlie Miller,Seattle,2023-09-07,Plant Pot,Home & Garden,42.7,170.8
1282,T1283,C025,P028,3,2023-08-02 16:00:00,Store B,Laura Wilson,San Francisco,2023-03-14,Pillow,Home & Garden,54.92,164.76
1283,T1284,C081,P047,2,2023-08-02 20:00:00,Store A,Charlie Anderson,San Diego,2023-08-29,Resistance Bands,Sports,178.93,357.86
1284,T1285,C069,P015,3,2023-08-03 00:00:00,Store B,Laura Thompson,Seattle,2023-07-24,Shoes,Clothing,130.89,392.67
1285,T1286,C079,P004,1,2023-08-03 04:00:00,Store A,Hannah Patel,Portland,2023-08-23,Monitor,Electronics,985.93,985.93
1286,T1287,C037,P029,1,2023-08-03 08:00:00,Store B,Eric Chen,Portland,2023-04-19,Candle,Home & Garden,162.72,162.72
1287,T1288,C088,P009,1,2023-08-03 12:00:00,Store A,Patricia Patel,San Francisco,2023-09-19,USB Cable,Electronics,586.73,586.73
1288,T1289,C094,P027,2,2023-08-03 16:00:00,Store B,Fiona Garcia,San Francisco,2023-10-07,Curtains,Home & Garden,297.17,594.34
1289,T1290,C044,P026,1,2023-08-03 20:00:00,Store B,Quinn Singh,Sacramento,2023-05-10,Rug,Home & Garden,190.28,190.28
1290,T1291,C025,P019,1,2023-08-04 00:00:00,Store B,Laura Wilson,San Francisco,2023-03-14,Shorts,Clothing,61.2,61.2
1291,T1292,C008,P028,2,2023-08-04 04:00:00,Store C,George Brown,San Diego,2023-01-22,Pillow,Home & Garden,54.92,109.84
1292,T1293,C082,P017,3,2023-08-04 08:00:00,Store C,Rachel Rodriguez,San Francisco,2023-09-01,Socks,Clothing,70.06,210.18
1293,T1294,C080,P043,1,2023-08-04 12:00:00,Store B,Charlie Rodriguez,Seattle,2023-08-26,Tennis Racket,Sports,330.23,330.23
1294,T1295,C076,P041,1,2023-08-04 16:00:00,Store A,Teresa Brown,Los Angeles,2023-08-14,Yoga Mat,Sports,258.24,258.24
1295,T1296,C046,P042,1,2023-08-04 20:00:00,Store A,Eric Patel,Los Angeles,2023-05-16,Dumbbells,Sports,402.17,402.17
1296,T1297,C063,P050,1,2023-08-05 00:00:00,Store B,George Davis,San Diego,2023-07-06,Skateboard,Sports,295.47,295.47
1297,T1298,C079,P020,1,2023-08-05 04:00:00,Store C,Hannah Patel,Portland,2023-08-23,Scarf,Clothing,42.03,42.03
1298,T1299,C072,P045,2,2023-08-05 08:00:00,Store A,Charlie Kim,Seattle,2023-08-02,Running Shoes,Sports,400.96,801.92
1299,T1300,C100,P040,2,2023-08-05 12:00:00,Store C,Eric Davis,Seattle,2023-10-25,Reference Book,Books,30.45,60.9
1300,T1301,C032,P039,2,2023-08-05 16:00:00,Store A,Charlie Chen,Seattle,2023-04-04,Poetry,Books,46.53,93.06
1301,T1302,C085,P049,1,2023-08-05 20:00:00,Store B,Ian Patel,Portland,2023-09-10,Bicycle,Sports,60.58,60.58
1302,T1303,C065,P023,3,2023-08-06 00:00:00,Store C,Patricia Anderson,Portland,2023-07-12,Vacuum,Home & Garden,213.37,640.11
1303,T1304,C067,P047,1,2023-08-06 04:00:00,Store A,Quinn Martinez,Seattle,2023-07-18,Resistance Bands,Sports,178.93,178.93
1304,T1305,C087,P032,1,2023-08-06 08:00:00,Store B,Alice Rodriguez,Los Angeles,2023-09-16,Cookbook,Books,37.88,37.88
1305,T1306,C085,P047,3,2023-08-06 12:00:00,Store B,Ian Patel,Portland,2023-09-10,Resistance Bands,Sports,178.93,536.79
1306,T1307,C100,P033,1,2023-08-06 16:00:00,Store B,Eric Davis,Seattle,2023-10-25,Biography,Books,38.1,38.1
1307,T1308,C031,P046,1,2023-08-06 20:00:00,Store C,George Martinez,San Francisco,2023-04-01,Water Bottle,Sports,446.65,446.65
1308,T1309,C026,P005,3,2023-08-07 00:00:00,Store C,Oscar Brown,Los Angeles,2023-03-17,Tablet,Electronics,306.81,920.43
1309,T1310,C087,P043,1,2023-08-07 04:00:00,Store B,Alice Rodriguez,Los Angeles,2023-09-16,Tennis Racket,Sports,330.23,330.23
1310,T1311,C078,P048,2,2023-08-07 08:00:00,Store C,Diana Garcia,Seattle,2023-08-20,Jump Rope,Sports,197.16,394.32
1311,T1312,C051,P034,1,2023-08-07 12:00:00,Store A,Fiona Miller,Sacramento,2023-05-31,Textbook,Books,24.38,24.38
1312,T1313,C021,P040,2,2023-08-07 16:00:00,Store B,Hannah Brown,San Francisco,2023-03-02,Reference Book,Books,30.45,60.9
1313,T1314,C023,P011,1,2023-08-07 20:00:00,Store B,Eric Chen,Portland,2023-03-08,T-Shirt,Clothing,140.68,140.68
1314,T1315,C096,P050,1,2023-08-08 00:00:00,Store C,Hannah Brown,San Francisco,2023-10-13,Skateboard,Sports,295.47,295.47
1315,T1316,C041,P003,2,2023-08-08 04:00:00,Store B,Fiona Lee,Seattle,2023-05-01,Keyboard,Electronics,85.26,170.52
1316,T1317,C057,P033,1,2023-08-08 08:00:00,Store A,Ian Chen,Seattle,2023-06-18,Biography,Books,38.1,38.1
1317,T1318,C046,P011,1,2023-08-08 12:00:00,Store C,Eric Patel,Los Angeles,2023-05-16,T-Shirt,Clothing,140.68,140.68
1318,T1319,C060,P016,1,2023-08-08 16:00:00,Store C,Alice Brown,Portland,2023-06-27,Hat,Clothing,58.28,58.28
1319,T1320,C019,P018,1,2023-08-08 20:00:00,Store B,Ian Kim,Portland,2023-02-24,Dress,Clothing,130.65,130.65
1320,T1321,C074,P030,1,2023-08-09 00:00:00,Store B,Teresa Wilson,San Diego,2023-08-08,Picture Frame,Home & Garden,265.05,265.05
1321,T1322,C019,P048,1,2023-08-09 04:00:00,Store B,Ian Kim,Portland,2023-02-24,Jump Rope,Sports,197.16,197.16
1322,T1323,C091,P010,4,2023-08-09 08:00:00,Store C,Alice Davis,Seattle,2023-09-28,Power Bank,Electronics,72.41,289.64
1323,T1324,C046,P018,1,2023-08-09 12:00:00,Store B,Eric Patel,Los Angeles,2023-05-16,Dress,Clothing,130.65,130.65
1324,T1325,C075,P038,1,2023-08-09 16:00:00,Store A,Alice Wilson,Los Angeles,2023-08-11,Self-Help,Books,44.68,44.68
1325,T1326,C095,P019,1,2023-08-09 20:00:00,Store B,Michael Kim,Los Angeles,2023-10-10,Shorts,Clothing,61.2,61.2
1326,T1327,C083,P036,1,2023-08-10 00:00:00,Store B,Rachel Martinez,Portland,2023-09-04,Comic Book,Books,42.37,42.37
1327,T1328,C075,P013,4,2023-08-10 04:00:00,Store C,Alice Wilson,Los Angeles,2023-08-11,Sweater,Clothing,145.67,582.68
1328,T1329,C057,P046,1,2023-08-10 08:00:00,Store B,Ian Chen,Seattle,2023-06-18,Water Bottle,Sports,446.65,446.65
1329,T1330,C058,P003,4,2023-08-10 12:00:00,Store C,Hannah Lee,Seattle,2023-06-21,Keyboard,Electronics,85.26,341.04
1330,T1331,C084,P010,1,2023-08-10 16:00:00,Store B,Charlie Miller,Seattle,2023-09-07,Power Bank,Electronics,72.41,72.41
1331,T1332,C100,P038,2,2023-08-10 20:00:00,Store A,Eric Davis,Seattle,2023-10-25,Self-Help,Books,44.68,89.36
1332,T1333,C083,P001,2,2023-08-11 00:00:00,Store A,Rachel Martinez,Portland,2023-09-04,Laptop,Electronics,1097.56,2195.12
1333,T1334,C077,P027,3,2023-08-11 04:00:00,Store C,Quinn Wilson,Los Angeles,2023-08-17,Curtains,Home & Garden,297.17,891.51
1334,T1335,C087,P046,2,2023-08-11 08:00:00,Store C,Alice Rodriguez,Los Angeles,2023-09-16,Water Bottle,Sports,446.65,893.3
1335,T1336,C070,P008,2,2023-08-11 12:00:00,Store B,Eric Brown,Sacramento,2023-07-27,Webcam,Electronics,1376.55,2753.1
1336,T1337,C017,P046,1,2023-08-11 16:00:00,Store B,Alice Chen,Portland,2023-02-18,Water Bottle,Sports,446.65,446.65
1337,T1338,C077,P042,1,2023-08-11 20:00:00,Store A,Quinn Wilson,Los Angeles,2023-08-17,Dumbbells,Sports,402.17,402.17
1338,T1339,C099,P017,4,2023-08-12 00:00:00,Store B,Oscar Chen,Seattle,2023-10-22,Socks,Clothing,70.06,280.24
1339,T1340,C038,P009,1,2023-08-12 04:00:00,Store A,Alice Kim,Seattle,2023-04-22,USB Cable,Electronics,586.73,586.73
1340,T1341,C085,P006,1,2023-08-12 08:00:00,Store C,Ian Patel,Portland,2023-09-10,Smartphone,Electronics,1413.66,1413.66
1341,T1342,C042,P043,3,2023-08-12 12:00:00,Store B,Diana Lee,San Francisco,2023-05-04,Tennis Racket,Sports,330.23,990.69
1342,T1343,C075,P025,1,2023-08-12 16:00:00,Store C,Alice Wilson,Los Angeles,2023-08-11,Plant Pot,Home & Garden,42.7,42.7
1343,T1344,C025,P039,4,2023-08-12 20:00:00,Store B,Laura Wilson,San Francisco,2023-03-14,Poetry,Books,46.53,186.12
1344,T1345,C068,P049,2,2023-08-13 00:00:00,Store A,Alice Rodriguez,San Diego,2023-07-21,Bicycle,Sports,60.58,121.16
1345,T1346,C089,P028,2,2023-08-13 04:00:00,Store C,Hannah Lee,San Diego,2023-09-22,Pillow,Home & Garden,54.92,109.84
1346,T1347,C059,P033,3,2023-08-13 08:00:00,Store C,Rachel Wilson,Seattle,2023-06-24,Biography,Books,38.1,114.3
1347,T1348,C084,P037,1,2023-08-13 12:00:00,Store B,Charlie Miller,Seattle,2023-09-07,Travel Guide,Books,42.4,42.4
1348,T1349,C091,P009,1,2023-08-13 16:00:00,Store C,Alice Davis,Seattle,2023-09-28,USB Cable,Electronics,586.73,586.73
1349,T1350,C097,P018,1,2023-08-13 20:00:00,Store A,Bob Thompson,San Francisco,2023-10-16,Dress,Clothing,130.65,130.65
1350,T1351,C047,P021,1,2023-08-14 00:00:00,Store C,Bob Garcia,Portland,2023-05-19,Coffee Maker,Home & Garden,173.69,173.69
1351,T1352,C064,P002,2,2023-08-14 04:00:00,Store C,Patricia Jackson,Portland,2023-07-09,Mouse,Electronics,457.12,914.24
1352,T1353,C035,P043,4,2023-08-14 08:00:00,Store B,Quinn Martinez,Sacramento,2023-04-13,Tennis Racket,Sports,330.23,1320.92
1353,T1354,C100,P038,1,2023-08-14 12:00:00,Store C,Eric Davis,Seattle,2023-10-25,Self-Help,Books,44.68,44.68
1354,T1355,C097,P040,1,2023-08-14 16:00:00,Store B,Bob Thompson,San Francisco,2023-10-16,Reference Book,Books,30.45,30.45
1355,T1356,C075,P036,4,2023-08-14 20:00:00,Store B,Alice Wilson,Los Angeles,2023-08-11,Comic Book,Books,42.37,169.48
1356,T1357,C093,P050,1,2023-08-15 00:00:00,Store C,Nina Rodriguez,Los Angeles,2023-10-04,Skateboard,Sports,295.47,295.47
1357,T1358,C074,P043,1,2023-08-15 04:00:00,Store A,Teresa Wilson,San Diego,2023-08-08,Tennis Racket,Sports,330.23,330.23
1358,T1359,C081,P037,1,2023-08-15 08:00:00,Store B,Charlie Anderson,San Diego,2023-08-29,Travel Guide,Books,42.4,42.4
1359,T1360,C023,P015,4,2023-08-15 12:00:00,Store C,Eric Chen,Portland,2023-03-08,Shoes,Clothing,130.89,523.56
1360,T1361,C089,P028,2,2023-08-15 16:00:00,Store B,Hannah Lee,San Diego,2023-09-22,Pillow,Home & Garden,54.92,109.84
1361,T1362,C031,P018,3,2023-08-15 20:00:00,Store A,George Martinez,San Francisco,2023-04-01,Dress,Clothing,130.65,391.95
1362,T1363,C092,P034,3,2023-08-16 00:00:00,Store A,Steve Garcia,Los Angeles,2023-10-01,Textbook,Books,24.38,73.14
1363,T1364,C090,P022,1,2023-08-16 04:00:00,Store B,Charlie Chen,San Francisco,2023-09-25,Blender,Home & Garden,281.8,281.8
1364,T1365,C086,P011,1,2023-08-16 08:00:00,Store A,Alice Patel,Portland,2023-09-13,T-Shirt,Clothing,140.68,140.68
1365,T1366,C011,P013,3,2023-08-16 12:00:00,Store C,Michael Rodriguez,Seattle,2023-01-31,Sweater,Clothing,145.67,437.01
1366,T1367,C055,P004,1,2023-08-16 16:00:00,Store C,Steve Patel,San Francisco,2023-06-12,Monitor,Electronics,985.93,985.93
1367,T1368,C050,P022,3,2023-08-16 20:00:00,Store B,Ian Davis,Seattle,2023-05-28,Blender,Home & Garden,281.8,845.4
1368,T1369,C060,P007,4,2023-08-17 00:00:00,Store A,Alice Brown,Portland,2023-06-27,Headphones,Electronics,1433.2,5732.8
1369,T1370,C023,P043,2,2023-08-17 04:00:00,Store C,Eric Chen,Portland,2023-03-08,Tennis Racket,Sports,330.23,660.46
1370,T1371,C098,P024,2,2023-08-17 08:00:00,Store C,Alice Davis,Portland,2023-10-19,Lamp,Home & Garden,177.47,354.94
1371,T1372,C076,P004,3,2023-08-17 12:00:00,Store C,Teresa Brown,Los Angeles,2023-08-14,Monitor,Electronics,985.93,2957.79
1372,T1373,C055,P028,3,2023-08-17 16:00:00,Store B,Steve Patel,San Francisco,2023-06-12,Pillow,Home & Garden,54.92,164.76
1373,T1374,C064,P015,1,2023-08-17 20:00:00,Store B,Patricia Jackson,Portland,2023-07-09,Shoes,Clothing,130.89,130.89
1374,T1375,C068,P001,1,2023-08-18 00:00:00,Store C,Alice Rodriguez,San Diego,2023-07-21,Laptop,Electronics,1097.56,1097.56
1375,T1376,C079,P003,1,2023-08-18 04:00:00,Store C,Hannah Patel,Portland,2023-08-23,Keyboard,Electronics,85.26,85.26
1376,T1377,C074,P014,2,2023-08-18 08:00:00,Store A,Teresa Wilson,San Diego,2023-08-08,Jacket,Clothing,145.27,290.54
1377,T1378,C097,P038,1,2023-08-18 12:00:00,Store A,Bob Thompson,San Francisco,2023-10-16,Self-Help,Books,44.68,44.68
1378,T1379,C072,P050,2,2023-08-18 16:00:00,Store A,Charlie Kim,Seattle,2023-08-02,Skateboard,Sports,295.47,590.94
1379,T1380,C100,P001,1,2023-08-18 20:00:00,Store B,Eric Davis,Seattle,2023-10-25,Laptop,Electronics,1097.56,1097.56
1380,T1381,C094,P038,2,2023-08-19 00:00:00,Store C,Fiona Garcia,San Francisco,2023-10-07,Self-Help,Books,44.68,89.36
1381,T1382,C043,P038,1,2023-08-19 04:00:00,Store B,Kevin Wilson,Seattle,2023-05-07,Self-Help,Books,44.68,44.68
1382,T1383,C097,P021,2,2023-08-19 08:00:00,Store C,Bob Thompson,San Francisco,2023-10-16,Coffee Maker,Home & Garden,173.69,347.38
1383,T1384,C029,P048,2,2023-08-19 12:00:00,Store A,Quinn Jackson,San Francisco,2023-03-26,Jump Rope,Sports,197.16,394.32
1384,T1385,C092,P029,1,2023-08-19 16:00:00,Store A,Steve Garcia,Los Angeles,2023-10-01,Candle,Home & Garden,162.72,162.72
1385,T1386,C062,P005,1,2023-08-19 20:00:00,Store A,Julia Kim,Portland,2023-07-03,Tablet,Electronics,306.81,306.81
1386,T1387,C095,P049,2,2023-08-20 00:00:00,Store A,Michael Kim,Los Angeles,2023-10-10,Bicycle,Sports,60.58,121.16
1387,T1388,C094,P010,1,2023-08-20 04:00:00,Store C,Fiona Garcia,San Francisco,2023-10-07,Power Bank,Electronics,72.41,72.41
1388,T1389,C091,P028,1,2023-08-20 08:00:00,Store A,Alice Davis,Seattle,2023-09-28,Pillow,Home & Garden,54.92,54.92
1389,T1390,C091,P021,4,2023-08-20 12:00:00,Store C,Alice Davis,Seattle,2023-09-28,Coffee Maker,Home & Garden,173.69,694.76
1390,T1391,C055,P050,2,2023-08-20 16:00:00,Store C,Steve Patel,San Francisco,2023-06-12,Skateboard,Sports,295.47,590.94
1391,T1392,C022,P007,4,2023-08-20 20:00:00,Store B,Ian Rodriguez,Seattle,2023-03-05,Headphones,Electronics,1433.2,5732.8
1392,T1393,C064,P003,1,2023-08-21 00:00:00,Store A,Patricia Jackson,Portland,2023-07-09,Keyboard,Electronics,85.26,85.26
1393,T1394,C038,P045,1,2023-08-21 04:00:00,Store A,Alice Kim,Seattle,2023-04-22,Running Shoes,Sports,400.96,400.96
1394,T1395,C085,P047,3,2023-08-21 08:00:00,Store B,Ian Patel,Portland,2023-09-10,Resistance Bands,Sports,178.93,536.79
1395,T1396,C059,P020,2,2023-08-21 12:00:00,Store C,Rachel Wilson,Seattle,2023-06-24,Scarf,Clothing,42.03,84.06
1396,T1397,C099,P019,2,2023-08-21 16:00:00,Store A,Oscar Chen,Seattle,2023-10-22,Shorts,Clothing,61.2,122.4
1397,T1398,C082,P035,1,2023-08-21 20:00:00,Store C,Rachel Rodriguez,San Francisco,2023-09-01,Magazine,Books,21.74,21.74
1398,T1399,C092,P004,1,2023-08-22 00:00:00,Store B,Steve Garcia,Los Angeles,2023-10-01,Monitor,Electronics,985.93,985.93
1399,T1400,C031,P005,1,2023-08-22 04:00:00,Store C,George Martinez,San Francisco,2023-04-01,Tablet,Electronics,306.81,306.81
1400,T1401,C094,P001,1,2023-08-22 08:00:00,Store A,Fiona Garcia,San Francisco,2023-10-07,Laptop,Electronics,1097.56,1097.56
1401,T1402,C097,P004,1,2023-08-22 12:00:00,Store C,Bob Thompson,San Francisco,2023-10-16,Monitor,Electronics,985.93,985.93
1402,T1403,C071,P012,1,2023-08-22 16:00:00,Store C,Ian Anderson,Los Angeles,2023-07-30,Jeans,Clothing,75.66,75.66
1403,T1404,C080,P027,5,2023-08-22 20:00:00,Store A,Charlie Rodriguez,Seattle,2023-08-26,Curtains,Home & Garden,297.17,1485.85
1404,T1405,C089,P042,1,2023-08-23 00:00:00,Store A,Hannah Lee,San Diego,2023-09-22,Dumbbells,Sports,402.17,402.17
1405,T1406,C038,P023,2,2023-08-23 04:00:00,Store C,Alice Kim,Seattle,2023-04-22,Vacuum,Home & Garden,213.37,426.74
1406,T1407,C073,P025,3,2023-08-23 08:00:00,Store C,Patricia Kim,Seattle,2023-08-05,Plant Pot,Home & Garden,42.7,128.1
1407,T1408,C064,P021,2,2023-08-23 12:00:00,Store B,Patricia Jackson,Portland,2023-07-09,Coffee Maker,Home & Garden,173.69,347.38
1408,T1409,C034,P024,1,2023-08-23 16:00:00,Store A,Quinn Brown,Sacramento,2023-04-10,Lamp,Home & Garden,177.47,177.47
1409,T1410,C061,P025,2,2023-08-23 20:00:00,Store C,Rachel Lee,Portland,2023-06-30,Plant Pot,Home & Garden,42.7,85.4
1410,T1411,C019,P045,2,2023-08-24 00:00:00,Store A,Ian Kim,Portland,2023-02-24,Running Shoes,Sports,400.96,801.92
1411,T1412,C008,P046,2,2023-08-24 04:00:00,Store B,George Brown,San Diego,2023-01-22,Water Bottle,Sports,446.65,893.3
1412,T1413,C032,P032,3,2023-08-24 08:00:00,Store C,Charlie Chen,Seattle,2023-04-04,Cookbook,Books,37.88,113.64
1413,T1414,C099,P032,5,2023-08-24 12:00:00,Store C,Oscar Chen,Seattle,2023-10-22,Cookbook,Books,37.88,189.4
1414,T1415,C076,P005,2,2023-08-24 16:00:00,Store C,Teresa Brown,Los Angeles,2023-08-14,Tablet,Electronics,306.81,613.62
1415,T1416,C099,P036,1,2023-08-24 20:00:00,Store A,Oscar Chen,Seattle,2023-10-22,Comic Book,Books,42.37,42.37
1416,T1417,C067,P046,2,2023-08-25 00:00:00,Store B,Quinn Martinez,Seattle,2023-07-18,Water Bottle,Sports,446.65,893.3
1417,T1418,C056,P042,1,2023-08-25 04:00:00,Store A,George Patel,Sacramento,2023-06-15,Dumbbells,Sports,402.17,402.17
1418,T1419,C073,P049,3,2023-08-25 08:00:00,Store C,Patricia Kim,Seattle,2023-08-05,Bicycle,Sports,60.58,181.74
1419,T1420,C068,P042,1,2023-08-25 12:00:00,Store B,Alice Rodriguez,San Diego,2023-07-21,Dumbbells,Sports,402.17,402.17
1420,T1421,C027,P039,1,2023-08-25 16:00:00,Store C,Ian Patel,Seattle,2023-03-20,Poetry,Books,46.53,46.53
1421,T1422,C082,P016,3,2023-08-25 20:00:00,Store C,Rachel Rodriguez,San Francisco,2023-09-01,Hat,Clothing,58.28,174.84
1422,T1423,C044,P033,2,2023-08-26 00:00:00,Store A,Quinn Singh,Sacramento,2023-05-10,Biography,Books,38.1,76.2
1423,T1424,C081,P049,1,2023-08-26 04:00:00,Store C,Charlie Anderson,San Diego,2023-08-29,Bicycle,Sports,60.58,60.58
1424,T1425,C083,P021,1,2023-08-26 08:00:00,Store B,Rachel Martinez,Portland,2023-09-04,Coffee Maker,Home & Garden,173.69,173.69
1425,T1426,C035,P009,3,2023-08-26 12:00:00,Store C,Quinn Martinez,Sacramento,2023-04-13,USB Cable,Electronics,586.73,1760.19
1426,T1427,C017,P006,1,2023-08-26 16:00:00,Store C,Alice Chen,Portland,2023-02-18,Smartphone,Electronics,1413.66,1413.66
1427,T1428,C090,P045,3,2023-08-26 20:00:00,Store A,Charlie Chen,San Francisco,2023-09-25,Running Shoes,Sports,400.96,1202.88
1428,T1429,C069,P035,1,2023-08-27 00:00:00,Store B,Laura Thompson,Seattle,2023-07-24,Magazine,Books,21.74,21.74
1429,T1430,C016,P039,3,2023-08-27 04:00:00,Store A,George Rodriguez,Seattle,2023-02-15,Poetry,Books,46.53,139.59
1430,T1431,C100,P022,3,2023-08-27 08:00:00,Store C,Eric Davis,Seattle,2023-10-25,Blender,Home & Garden,281.8,845.4
1431,T1432,C016,P041,1,2023-08-27 12:00:00,Store A,George Rodriguez,Seattle,2023-02-15,Yoga Mat,Sports,258.24,258.24
1432,T1433,C085,P005,1,2023-08-27 16:00:00,Store A,Ian Patel,Portland,2023-09-10,Tablet,Electronics,306.81,306.81
1433,T1434,C100,P042,1,2023-08-27 20:00:00,Store A,Eric Davis,Seattle,2023-10-25,Dumbbells,Sports,402.17,402.17
1434,T1435,C047,P023,2,2023-08-28 00:00:00,Store A,Bob Garcia,Portland,2023-05-19,Vacuum,Home & Garden,213.37,426.74
1435,T1436,C033,P017,2,2023-08-28 04:00:00,Store C,Eric Chen,Seattle,2023-04-07,Socks,Clothing,70.06,140.12
1436,T1437,C029,P012,2,2023-08-28 08:00:00,Store C,Quinn Jackson,San Francisco,2023-03-26,Jeans,Clothing,75.66,151.32
1437,T1438,C055,P023,1,2023-08-28 12:00:00,Store B,Steve Patel,San Francisco,2023-06-12,Vacuum,Home & Garden,213.37,213.37
1438,T1439,C026,P016,1,2023-08-28 16:00:00,Store A,Oscar Brown,Los Angeles,2023-03-17,Hat,Clothing,58.28,58.28
1439,T1440,C085,P003,1,2023-08-28 20:00:00,Store A,Ian Patel,Portland,2023-09-10,Keyboard,Electronics,85.26,85.26
1440,T1441,C017,P030,1,2023-08-29 00:00:00,Store B,Alice Chen,Portland,2023-02-18,Picture Frame,Home & Garden,265.05,265.05
1441,T1442,C073,P022,2,2023-08-29 04:00:00,Store A,Patricia Kim,Seattle,2023-08-05,Blender,Home & Garden,281.8,563.6
1442,T1443,C100,P009,3,2023-08-29 08:00:00,Store B,Eric Davis,Seattle,2023-10-25,USB Cable,Electronics,586.73,1760.19
1443,T1444,C092,P029,2,2023-08-29 12:00:00,Store C,Steve Garcia,Los Angeles,2023-10-01,Candle,Home & Garden,162.72,325.44
1444,T1445,C080,P047,1,2023-08-29 16:00:00,Store B,Charlie Rodriguez,Seattle,2023-08-26,Resistance Bands,Sports,178.93,178.93
1445,T1446,C055,P037,4,2023-08-29 20:00:00,Store A,Steve Patel,San Francisco,2023-06-12,Travel Guide,Books,42.4,169.6
1446,T1447,C081,P023,2,2023-08-30 00:00:00,Store B,Charlie Anderson,San Diego,2023-08-29,Vacuum,Home & Garden,213.37,426.74
1447,T1448,C074,P013,4,2023-08-30 04:00:00,Store C,Teresa Wilson,San Diego,2023-08-08,Sweater,Clothing,145.67,582.68
1448,T1449,C066,P032,2,2023-08-30 08:00:00,Store A,Teresa Davis,San Francisco,2023-07-15,Cookbook,Books,37.88,75.76
1449,T1450,C031,P046,1,2023-08-30 12:00:00,Store C,George Martinez,San Francisco,2023-04-01,Water Bottle,Sports,446.65,446.65
1450,T1451,C095,P047,1,2023-08-30 16:00:00,Store C,Michael Kim,Los Angeles,2023-10-10,Resistance Bands,Sports,178.93,178.93
1451,T1452,C068,P048,2,2023-08-30 20:00:00,Store B,Alice Rodriguez,San Diego,2023-07-21,Jump Rope,Sports,197.16,394.32
1452,T1453,C041,P023,1,2023-08-31 00:00:00,Store C,Fiona Lee,Seattle,2023-05-01,Vacuum,Home & Garden,213.37,213.37
1453,T1454,C061,P045,1,2023-08-31 04:00:00,Store A,Rachel Lee,Portland,2023-06-30,Running Shoes,Sports,400.96,400.96
1454,T1455,C065,P017,2,2023-08-31 08:00:00,Store C,Patricia Anderson,Portland,2023-07-12,Socks,Clothing,70.06,140.12
1455,T1456,C092,P040,2,2023-08-31 12:00:00,Store C,Steve Garcia,Los Angeles,2023-10-01,Reference Book,Books,30.45,60.9
1456,T1457,C087,P021,2,2023-08-31 16:00:00,Store B,Alice Rodriguez,Los Angeles,2023-09-16,Coffee Maker,Home & Garden,173.69,347.38
1457,T1458,C089,P002,1,2023-08-31 20:00:00,Store C,Hannah Lee,San Diego,2023-09-22,Mouse,Electronics,457.12,457.12
1458,T1459,C004,P037,1,2023-09-01 00:00:00,Store B,Eric Lee,San Francisco,2023-01-10,Travel Guide,Books,42.4,42.4
1459,T1460,C066,P006,2,2023-09-01 04:00:00,Store B,Teresa Davis,San Francisco,2023-07-15,Smartphone,Electronics,1413.66,2827.32
1460,T1461,C071,P044,4,2023-09-01 08:00:00,Store A,Ian Anderson,Los Angeles,2023-07-30,Soccer Ball,Sports,355.45,1421.8
1461,T1462,C006,P018,2,2023-09-01 12:00:00,Store A,Oscar Brown,Seattle,2023-01-16,Dress,Clothing,130.65,261.3
1462,T1463,C050,P030,4,2023-09-01 16:00:00,Store A,Ian Davis,Seattle,2023-05-28,Picture Frame,Home & Garden,265.05,1060.2
1463,T1464,C089,P022,3,2023-09-01 20:00:00,Store A,Hannah Lee,San Diego,2023-09-22,Blender,Home & Garden,281.8,845.4
1464,T1465,C032,P033,2,2023-09-02 00:00:00,Store B,Charlie Chen,Seattle,2023-04-04,Biography,Books,38.1,76.2
1465,T1466,C075,P030,1,2023-09-02 04:00:00,Store C,Alice Wilson,Los Angeles,2023-08-11,Picture Frame,Home & Garden,265.05,265.05
1466,T1467,C044,P017,2,2023-09-02 08:00:00,Store A,Quinn Singh,Sacramento,2023-05-10,Socks,Clothing,70.06,140.12
1467,T1468,C004,P043,2,2023-09-02 12:00:00,Store A,Eric Lee,San Francisco,2023-01-10,Tennis Racket,Sports,330.23,660.46
1468,T1469,C047,P032,2,2023-09-02 16:00:00,Store A,Bob Garcia,Portland,2023-05-19,Cookbook,Books,37.88,75.76
1469,T1470,C099,P042,1,2023-09-02 20:00:00,Store C,Oscar Chen,Seattle,2023-10-22,Dumbbells,Sports,402.17,402.17
1470,T1471,C091,P014,2,2023-09-03 00:00:00,Store A,Alice Davis,Seattle,2023-09-28,Jacket,Clothing,145.27,290.54
1471,T1472,C099,P010,1,2023-09-03 04:00:00,Store C,Oscar Chen,Seattle,2023-10-22,Power Bank,Electronics,72.41,72.41
1472,T1473,C071,P047,2,2023-09-03 08:00:00,Store B,Ian Anderson,Los Angeles,2023-07-30,Resistance Bands,Sports,178.93,357.86
1473,T1474,C027,P036,1,2023-09-03 12:00:00,Store B,Ian Patel,Seattle,2023-03-20,Comic Book,Books,42.37,42.37
1474,T1475,C076,P034,3,2023-09-03 16:00:00,Store B,Teresa Brown,Los Angeles,2023-08-14,Textbook,Books,24.38,73.14
1475,T1476,C069,P009,1,2023-09-03 20:00:00,Store C,Laura Thompson,Seattle,2023-07-24,USB Cable,Electronics,586.73,586.73
1476,T1477,C093,P042,1,2023-09-04 00:00:00,Store A,Nina Rodriguez,Los Angeles,2023-10-04,Dumbbells,Sports,402.17,402.17
1477,T1478,C025,P028,1,2023-09-04 04:00:00,Store A,Laura Wilson,San Francisco,2023-03-14,Pillow,Home & Garden,54.92,54.92
1478,T1479,C071,P011,2,2023-09-04 08:00:00,Store A,Ian Anderson,Los Angeles,2023-07-30,T-Shirt,Clothing,140.68,281.36
1479,T1480,C034,P014,1,2023-09-04 12:00:00,Store A,Quinn Brown,Sacramento,2023-04-10,Jacket,Clothing,145.27,145.27
1480,T1481,C057,P039,1,2023-09-04 16:00:00,Store A,Ian Chen,Seattle,2023-06-18,Poetry,Books,46.53,46.53
1481,T1482,C088,P047,2,2023-09-04 20:00:00,Store C,Patricia Patel,San Francisco,2023-09-19,Resistance Bands,Sports,178.93,357.86
1482,T1483,C071,P019,1,2023-09-05 00:00:00,Store B,Ian Anderson,Los Angeles,2023-07-30,Shorts,Clothing,61.2,61.2
1483,T1484,C062,P015,4,2023-09-05 04:00:00,Store A,Julia Kim,Portland,2023-07-03,Shoes,Clothing,130.89,523.56
1484,T1485,C064,P028,4,2023-09-05 08:00:00,Store B,Patricia Jackson,Portland,2023-07-09,Pillow,Home & Garden,54.92,219.68
1485,T1486,C069,P024,2,2023-09-05 12:00:00,Store C,Laura Thompson,Seattle,2023-07-24,Lamp,Home & Garden,177.47,354.94
1486,T1487,C090,P008,1,2023-09-05 16:00:00,Store C,Charlie Chen,San Francisco,2023-09-25,Webcam,Electronics,1376.55,1376.55
1487,T1488,C096,P043,2,2023-09-05 20:00:00,Store A,Hannah Brown,San Francisco,2023-10-13,Tennis Racket,Sports,330.23,660.46
1488,T1489,C099,P009,1,2023-09-06 00:00:00,Store C,Oscar Chen,Seattle,2023-10-22,USB Cable,Electronics,586.73,586.73
1489,T1490,C090,P047,1,2023-09-06 04:00:00,Store B,Charlie Chen,San Francisco,2023-09-25,Resistance Bands,Sports,178.93,178.93
1490,T1491,C056,P033,1,2023-09-06 08:00:00,Store A,George Patel,Sacramento,2023-06-15,Biography,Books,38.1,38.1
1491,T1492,C085,P033,4,2023-09-06 12:00:00,Store A,Ian Patel,Portland,2023-09-10,Biography,Books,38.1,152.4
1492,T1493,C067,P019,1,2023-09-06 16:00:00,Store B,Quinn Martinez,Seattle,2023-07-18,Shorts,Clothing,61.2,61.2
1493,T1494,C049,P003,2,2023-09-06 20:00:00,Store A,Patricia Chen,San Francisco,2023-05-25,Keyboard,Electronics,85.26,170.52
1494,T1495,C093,P010,2,2023-09-07 00:00:00,Store A,Nina Rodriguez,Los Angeles,2023-10-04,Power Bank,Electronics,72.41,144.82
1495,T1496,C012,P040,1,2023-09-07 04:00:00,Store B,Fiona Davis,Sacramento,2023-02-03,Reference Book,Books,30.45,30.45
1496,T1497,C096,P047,1,2023-09-07 08:00:00,Store A,Hannah Brown,San Francisco,2023-10-13,Resistance Bands,Sports,178.93,178.93
1497,T1498,C069,P042,5,2023-09-07 12:00:00,Store A,Laura Thompson,Seattle,2023-07-24,Dumbbells,Sports,402.17,2010.85
1498,T1499,C082,P001,2,2023-09-07 16:00:00,Store B,Rachel Rodriguez,San Francisco,2023-09-01,Laptop,Electronics,1097.56,2195.12
1499,T1500,C083,P029,2,2023-09-07 20:00:00,Store C,Rachel Martinez,Portland,2023-09-04,Candle,Home & Garden,162.72,325.44
1500,T1501,C096,P050,1,2023-09-08 00:00:00,Store B,Hannah Brown,San Francisco,2023-10-13,Skateboard,Sports,295.47,295.47
1501,T1502,C082,P034,1,2023-09-08 04:00:00,Store A,Rachel Rodriguez,San Francisco,2023-09-01,Textbook,Books,24.38,24.38
1502,T1503,C080,P013,1,2023-09-08 08:00:00,Store B,Charlie Rodriguez,Seattle,2023-08-26,Sweater,Clothing,145.67,145.67
1503,T1504,C018,P001,1,2023-09-08 12:00:00,Store A,Teresa Miller,San Francisco,2023-02-21,Laptop,Electronics,1097.56,1097.56
1504,T1505,C074,P034,1,2023-09-08 16:00:00,Store A,Teresa Wilson,San Diego,2023-08-08,Textbook,Books,24.38,24.38
1505,T1506,C034,P029,3,2023-09-08 20:00:00,Store B,Quinn Brown,Sacramento,2023-04-10,Candle,Home & Garden,162.72,488.16
1506,T1507,C088,P048,1,2023-09-09 00:00:00,Store A,Patricia Patel,San Francisco,2023-09-19,Jump Rope,Sports,197.16,197.16
1507,T1508,C073,P047,1,2023-09-09 04:00:00,Store C,Patricia Kim,Seattle,2023-08-05,Resistance Bands,Sports,178.93,178.93
1508,T1509,C084,P013,2,2023-09-09 08:00:00,Store A,Charlie Miller,Seattle,2023-09-07,Sweater,Clothing,145.67,291.34
1509,T1510,C012,P048,3,2023-09-09 12:00:00,Store B,Fiona Davis,Sacramento,2023-02-03,Jump Rope,Sports,197.16,591.48
1510,T1511,C022,P049,1,2023-09-09 16:00:00,Store C,Ian Rodriguez,Seattle,2023-03-05,Bicycle,Sports,60.58,60.58
1511,T1512,C087,P029,2,2023-09-09 20:00:00,Store C,Alice Rodriguez,Los Angeles,2023-09-16,Candle,Home & Garden,162.72,325.44
1512,T1513,C020,P039,1,2023-09-10 00:00:00,Store A,George Garcia,Portland,2023-02-27,Poetry,Books,46.53,46.53
1513,T1514,C019,P024,1,2023-09-10 04:00:00,Store B,Ian Kim,Portland,2023-02-24,Lamp,Home & Garden,177.47,177.47
1514,T1515,C004,P026,1,2023-09-10 08:00:00,Store A,Eric Lee,San Francisco,2023-01-10,Rug,Home & Garden,190.28,190.28
1515,T1516,C099,P017,3,2023-09-10 12:00:00,Store A,Oscar Chen,Seattle,2023-10-22,Socks,Clothing,70.06,210.18
1516,T1517,C088,P007,1,2023-09-10 16:00:00,Store B,Patricia Patel,San Francisco,2023-09-19,Headphones,Electronics,1433.2,1433.2
1517,T1518,C060,P013,1,2023-09-10 20:00:00,Store B,Alice Brown,Portland,2023-06-27,Sweater,Clothing,145.67,145.67
1518,T1519,C054,P005,1,2023-09-11 00:00:00,Store A,Charlie Singh,San Diego,2023-06-09,Tablet,Electronics,306.81,306.81
1519,T1520,C059,P026,3,2023-09-11 04:00:00,Store C,Rachel Wilson,Seattle,2023-06-24,Rug,Home & Garden,190.28,570.84
1520,T1521,C090,P049,1,2023-09-11 08:00:00,Store A,Charlie Chen,San Francisco,2023-09-25,Bicycle,Sports,60.58,60.58
1521,T1522,C083,P003,1,2023-09-11 12:00:00,Store C,Rachel Martinez,Portland,2023-09-04,Keyboard,Electronics,85.26,85.26
1522,T1523,C040,P007,1,2023-09-11 16:00:00,Store A,Laura Jackson,Portland,2023-04-28,Headphones,Electronics,1433.2,1433.2
1523,T1524,C038,P049,1,2023-09-11 20:00:00,Store B,Alice Kim,Seattle,2023-04-22,Bicycle,Sports,60.58,60.58
1524,T1525,C025,P039,2,2023-09-12 00:00:00,Store C,Laura Wilson,San Francisco,2023-03-14,Poetry,Books,46.53,93.06
1525,T1526,C083,P001,2,2023-09-12 04:00:00,Store B,Rachel Martinez,Portland,2023-09-04,Laptop,Electronics,1097.56,2195.12
1526,T1527,C089,P049,1,2023-09-12 08:00:00,Store B,Hannah Lee,San Diego,2023-09-22,Bicycle,Sports,60.58,60.58
1527,T1528,C050,P017,1,2023-09-12 12:00:00,Store B,Ian Davis,Seattle,2023-05-28,Socks,Clothing,70.06,70.06
1528,T1529,C007,P043,1,2023-09-12 16:00:00,Store B,Diana Miller,Seattle,2023-01-19,Tennis Racket,Sports,330.23,330.23
1529,T1530,C022,P025,1,2023-09-12 20:00:00,Store B,Ian Rodriguez,Seattle,2023-03-05,Plant Pot,Home & Garden,42.7,42.7
1530,T1531,C099,P003,1,2023-09-13 00:00:00,Store A,Oscar Chen,Seattle,2023-10-22,Keyboard,Electronics,85.26,85.26
1531,T1532,C054,P015,3,2023-09-13 04:00:00,Store C,Charlie Singh,San Diego,2023-06-09,Shoes,Clothing,130.89,392.67
1532,T1533,C089,P029,4,2023-09-13 08:00:00,Store A,Hannah Lee,San Diego,2023-09-22,Candle,Home & Garden,162.72,650.88
1533,T1534,C081,P043,5,2023-09-13 12:00:00,Store A,Charlie Anderson,San Diego,2023-08-29,Tennis Racket,Sports,330.23,1651.15
1534,T1535,C062,P032,3,2023-09-13 16:00:00,Store A,Julia Kim,Portland,2023-07-03,Cookbook,Books,37.88,113.64
1535,T1536,C043,P026,2,2023-09-13 20:00:00,Store B,Kevin Wilson,Seattle,2023-05-07,Rug,Home & Garden,190.28,380.56
1536,T1537,C029,P016,2,2023-09-14 00:00:00,Store A,Quinn Jackson,San Francisco,2023-03-26,Hat,Clothing,58.28,116.56
1537,T1538,C080,P025,1,2023-09-14 04:00:00,Store C,Charlie Rodriguez,Seattle,2023-08-26,Plant Pot,Home & Garden,42.7,42.7
1538,T1539,C090,P028,2,2023-09-14 08:00:00,Store A,Charlie Chen,San Francisco,2023-09-25,Pillow,Home & Garden,54.92,109.84
1539,T1540,C082,P009,1,2023-09-14 12:00:00,Store B,Rachel Rodriguez,San Francisco,2023-09-01,USB Cable,Electronics,586.73,586.73
1540,T1541,C075,P001,1,2023-09-14 16:00:00,Store C,Alice Wilson,Los Angeles,2023-08-11,Laptop,Electronics,1097.56,1097.56
1541,T1542,C013,P029,3,2023-09-14 20:00:00,Store C,Laura Davis,San Diego,2023-02-06,Candle,Home & Garden,162.72,488.16
1542,T1543,C099,P022,1,2023-09-15 00:00:00,Store C,Oscar Chen,Seattle,2023-10-22,Blender,Home & Garden,281.8,281.8
1543,T1544,C091,P016,1,2023-09-15 04:00:00,Store C,Alice Davis,Seattle,2023-09-28,Hat,Clothing,58.28,58.28
1544,T1545,C053,P041,4,2023-09-15 08:00:00,Store A,Diana Kim,Sacramento,2023-06-06,Yoga Mat,Sports,258.24,1032.96
1545,T1546,C100,P044,1,2023-09-15 12:00:00,Store B,Eric Davis,Seattle,2023-10-25,Soccer Ball,Sports,355.45,355.45
1546,T1547,C080,P041,1,2023-09-15 16:00:00,Store C,Charlie Rodriguez,Seattle,2023-08-26,Yoga Mat,Sports,258.24,258.24
1547,T1548,C078,P007,4,2023-09-15 20:00:00,Store C,Diana Garcia,Seattle,2023-08-20,Headphones,Electronics,1433.2,5732.8
1548,T1549,C088,P014,2,2023-09-16 00:00:00,Store B,Patricia Patel,San Francisco,2023-09-19,Jacket,Clothing,145.27,290.54
1549,T1550,C092,P029,2,2023-09-16 04:00:00,Store A,Steve Garcia,Los Angeles,2023-10-01,Candle,Home & Garden,162.72,325.44
1550,T1551,C083,P019,1,2023-09-16 08:00:00,Store C,Rachel Martinez,Portland,2023-09-04,Shorts,Clothing,61.2,61.2
1551,T1552,C031,P019,1,2023-09-16 12:00:00,Store A,George Martinez,San Francisco,2023-04-01,Shorts,Clothing,61.2,61.2
1552,T1553,C058,P002,3,2023-09-16 16:00:00,Store A,Hannah Lee,Seattle,2023-06-21,Mouse,Electronics,457.12,1371.36
1553,T1554,C097,P041,2,2023-09-16 20:00:00,Store A,Bob Thompson,San Francisco,2023-10-16,Yoga Mat,Sports,258.24,516.48
1554,T1555,C045,P045,2,2023-09-17 00:00:00,Store A,Fiona Wilson,Portland,2023-05-13,Running Shoes,Sports,400.96,801.92
1555,T1556,C062,P015,1,2023-09-17 04:00:00,Store C,Julia Kim,Portland,2023-07-03,Shoes,Clothing,130.89,130.89
1556,T1557,C067,P003,1,2023-09-17 08:00:00,Store C,Quinn Martinez,Seattle,2023-07-18,Keyboard,Electronics,85.26,85.26
1557,T1558,C068,P011,4,2023-09-17 12:00:00,Store A,Alice Rodriguez,San Diego,2023-07-21,T-Shirt,Clothing,140.68,562.72
1558,T1559,C080,P046,1,2023-09-17 16:00:00,Store A,Charlie Rodriguez,Seattle,2023-08-26,Water Bottle,Sports,446.65,446.65
1559,T1560,C098,P030,2,2023-09-17 20:00:00,Store B,Alice Davis,Portland,2023-10-19,Picture Frame,Home & Garden,265.05,530.1
1560,T1561,C047,P040,1,2023-09-18 00:00:00,Store B,Bob Garcia,Portland,2023-05-19,Reference Book,Books,30.45,30.45
1561,T1562,C029,P018,2,2023-09-18 04:00:00,Store B,Quinn Jackson,San Francisco,2023-03-26,Dress,Clothing,130.65,261.3
1562,T1563,C042,P048,4,2023-09-18 08:00:00,Store C,Diana Lee,San Francisco,2023-05-04,Jump Rope,Sports,197.16,788.64
1563,T1564,C095,P002,2,2023-09-18 12:00:00,Store B,Michael Kim,Los Angeles,2023-10-10,Mouse,Electronics,457.12,914.24
1564,T1565,C082,P032,1,2023-09-18 16:00:00,Store C,Rachel Rodriguez,San Francisco,2023-09-01,Cookbook,Books,37.88,37.88
1565,T1566,C053,P008,2,2023-09-18 20:00:00,Store C,Diana Kim,Sacramento,2023-06-06,Webcam,Electronics,1376.55,2753.1
1566,T1567,C092,P022,3,2023-09-19 00:00:00,Store C,Steve Garcia,Los Angeles,2023-10-01,Blender,Home & Garden,281.8,845.4
1567,T1568,C094,P006,1,2023-09-19 04:00:00,Store C,Fiona Garcia,San Francisco,2023-10-07,Smartphone,Electronics,1413.66,1413.66
1568,T1569,C093,P012,3,2023-09-19 08:00:00,Store B,Nina Rodriguez,Los Angeles,2023-10-04,Jeans,Clothing,75.66,226.98
1569,T1570,C097,P047,2,2023-09-19 12:00:00,Store A,Bob Thompson,San Francisco,2023-10-16,Resistance Bands,Sports,178.93,357.86
1570,T1571,C049,P040,3,2023-09-19 16:00:00,Store A,Patricia Chen,San Francisco,2023-05-25,Reference Book,Books,30.45,91.35
1571,T1572,C089,P036,2,2023-09-19 20:00:00,Store A,Hannah Lee,San Diego,2023-09-22,Comic Book,Books,42.37,84.74
1572,T1573,C069,P015,1,2023-09-20 00:00:00,Store B,Laura Thompson,Seattle,2023-07-24,Shoes,Clothing,130.89,130.89
1573,T1574,C093,P028,1,2023-09-20 04:00:00,Store A,Nina Rodriguez,Los Angeles,2023-10-04,Pillow,Home & Garden,54.92,54.92
1574,T1575,C087,P049,1,2023-09-20 08:00:00,Store B,Alice Rodriguez,Los Angeles,2023-09-16,Bicycle,Sports,60.58,60.58
1575,T1576,C090,P045,4,2023-09-20 12:00:00,Store B,Charlie Chen,San Francisco,2023-09-25,Running Shoes,Sports,400.96,1603.84
1576,T1577,C083,P018,3,2023-09-20 16:00:00,Store B,Rachel Martinez,Portland,2023-09-04,Dress,Clothing,130.65,391.95
1577,T1578,C039,P002,2,2023-09-20 20:00:00,Store A,Bob Thompson,Los Angeles,2023-04-25,Mouse,Electronics,457.12,914.24
1578,T1579,C076,P013,1,2023-09-21 00:00:00,Store A,Teresa Brown,Los Angeles,2023-08-14,Sweater,Clothing,145.67,145.67
1579,T1580,C100,P045,1,2023-09-21 04:00:00,Store A,Eric Davis,Seattle,2023-10-25,Running Shoes,Sports,400.96,400.96
1580,T1581,C098,P015,3,2023-09-21 08:00:00,Store C,Alice Davis,Portland,2023-10-19,Shoes,Clothing,130.89,392.67
1581,T1582,C013,P020,1,2023-09-21 12:00:00,Store B,Laura Davis,San Diego,2023-02-06,Scarf,Clothing,42.03,42.03
1582,T1583,C037,P029,1,2023-09-21 16:00:00,Store C,Eric Chen,Portland,2023-04-19,Candle,Home & Garden,162.72,162.72
1583,T1584,C031,P042,2,2023-09-21 20:00:00,Store B,George Martinez,San Francisco,2023-04-01,Dumbbells,Sports,402.17,804.34
1584,T1585,C087,P029,1,2023-09-22 00:00:00,Store A,Alice Rodriguez,Los Angeles,2023-09-16,Candle,Home & Garden,162.72,162.72
1585,T1586,C092,P003,1,2023-09-22 04:00:00,Store B,Steve Garcia,Los Angeles,2023-10-01,Keyboard,Electronics,85.26,85.26
1586,T1587,C044,P019,1,2023-09-22 08:00:00,Store B,Quinn Singh,Sacramento,2023-05-10,Shorts,Clothing,61.2,61.2
1587,T1588,C073,P003,1,2023-09-22 12:00:00,Store C,Patricia Kim,Seattle,2023-08-05,Keyboard,Electronics,85.26,85.26
1588,T1589,C093,P014,5,2023-09-22 16:00:00,Store B,Nina Rodriguez,Los Angeles,2023-10-04,Jacket,Clothing,145.27,726.35
1589,T1590,C087,P040,1,2023-09-22 20:00:00,Store A,Alice Rodriguez,Los Angeles,2023-09-16,Reference Book,Books,30.45,30.45
1590,T1591,C075,P004,1,2023-09-23 00:00:00,Store B,Alice Wilson,Los Angeles,2023-08-11,Monitor,Electronics,985.93,985.93
1591,T1592,C079,P011,1,2023-09-23 04:00:00,Store B,Hannah Patel,Portland,2023-08-23,T-Shirt,Clothing,140.68,140.68
1592,T1593,C073,P031,3,2023-09-23 08:00:00,Store B,Patricia Kim,Seattle,2023-08-05,Fiction Novel,Books,39.63,118.89
1593,T1594,C054,P043,1,2023-09-23 12:00:00,Store C,Charlie Singh,San Diego,2023-06-09,Tennis Racket,Sports,330.23,330.23
1594,T1595,C077,P032,2,2023-09-23 16:00:00,Store B,Quinn Wilson,Los Angeles,2023-08-17,Cookbook,Books,37.88,75.76
1595,T1596,C085,P027,1,2023-09-23 20:00:00,Store B,Ian Patel,Portland,2023-09-10,Curtains,Home & Garden,297.17,297.17
1596,T1597,C095,P030,1,2023-09-24 00:00:00,Store C,Michael Kim,Los Angeles,2023-10-10,Picture Frame,Home & Garden,265.05,265.05
1597,T1598,C082,P043,1,2023-09-24 04:00:00,Store C,Rachel Rodriguez,San Francisco,2023-09-01,Tennis Racket,Sports,330.23,330.23
1598,T1599,C089,P002,3,2023-09-24 08:00:00,Store C,Hannah Lee,San Diego,2023-09-22,Mouse,Electronics,457.12,1371.36
1599,T1600,C036,P049,3,2023-09-24 12:00:00,Store C,Bob Davis,San Diego,2023-04-16,Bicycle,Sports,60.58,181.74
1600,T1601,C069,P009,1,2023-09-24 16:00:00,Store A,Laura Thompson,Seattle,2023-07-24,USB Cable,Electronics,586.73,586.73
1601,T1602,C003,P028,2,2023-09-24 20:00:00,Store A,Diana Rodriguez,Los Angeles,2023-01-07,Pillow,Home & Garden,54.92,109.84
1602,T1603,C048,P031,4,2023-09-25 00:00:00,Store B,Kevin Singh,San Francisco,2023-05-22,Fiction Novel,Books,39.63,158.52
1603,T1604,C087,P034,1,2023-09-25 04:00:00,Store A,Alice Rodriguez,Los Angeles,2023-09-16,Textbook,Books,24.38,24.38
1604,T1605,C100,P015,3,2023-09-25 08:00:00,Store B,Eric Davis,Seattle,2023-10-25,Shoes,Clothing,130.89,392.67
1605,T1606,C025,P048,1,2023-09-25 12:00:00,Store A,Laura Wilson,San Francisco,2023-03-14,Jump Rope,Sports,197.16,197.16
1606,T1607,C064,P025,4,2023-09-25 16:00:00,Store C,Patricia Jackson,Portland,2023-07-09,Plant Pot,Home & Garden,42.7,170.8
1607,T1608,C091,P036,3,2023-09-25 20:00:00,Store C,Alice Davis,Seattle,2023-09-28,Comic Book,Books,42.37,127.11
1608,T1609,C042,P008,4,2023-09-26 00:00:00,Store A,Diana Lee,San Francisco,2023-05-04,Webcam,Electronics,1376.55,5506.2
1609,T1610,C076,P009,2,2023-09-26 04:00:00,Store A,Teresa Brown,Los Angeles,2023-08-14,USB Cable,Electronics,586.73,1173.46
1610,T1611,C087,P037,1,2023-09-26 08:00:00,Store B,Alice Rodriguez,Los Angeles,2023-09-16,Travel Guide,Books,42.4,42.4
1611,T1612,C080,P048,4,2023-09-26 12:00:00,Store B,Charlie Rodriguez,Seattle,2023-08-26,Jump Rope,Sports,197.16,788.64
1612,T1613,C040,P045,1,2023-09-26 16:00:00,Store B,Laura Jackson,Portland,2023-04-28,Running Shoes,Sports,400.96,400.96
1613,T1614,C060,P039,1,2023-09-26 20:00:00,Store C,Alice Brown,Portland,2023-06-27,Poetry,Books,46.53,46.53
1614,T1615,C090,P032,2,2023-09-27 00:00:00,Store C,Charlie Chen,San Francisco,2023-09-25,Cookbook,Books,37.88,75.76
1615,T1616,C076,P017,3,2023-09-27 04:00:00,Store C,Teresa Brown,Los Angeles,2023-08-14,Socks,Clothing,70.06,210.18
1616,T1617,C002,P035,4,2023-09-27 08:00:00,Store C,Teresa Miller,Sacramento,2023-01-04,Magazine,Books,21.74,86.96
1617,T1618,C089,P037,1,2023-09-27 12:00:00,Store B,Hannah Lee,San Diego,2023-09-22,Travel Guide,Books,42.4,42.4
1618,T1619,C011,P019,3,2023-09-27 16:00:00,Store C,Michael Rodriguez,Seattle,2023-01-31,Shorts,Clothing,61.2,183.6
1619,T1620,C088,P044,2,2023-09-27 20:00:00,Store C,Patricia Patel,San Francisco,2023-09-19,Soccer Ball,Sports,355.45,710.9
1620,T1621,C042,P029,1,2023-09-28 00:00:00,Store C,Diana Lee,San Francisco,2023-05-04,Candle,Home & Garden,162.72,162.72
1621,T1622,C099,P007,1,2023-09-28 04:00:00,Store C,Oscar Chen,Seattle,2023-10-22,Headphones,Electronics,1433.2,1433.2
1622,T1623,C061,P028,1,2023-09-28 08:00:00,Store A,Rachel Lee,Portland,2023-06-30,Pillow,Home & Garden,54.92,54.92
1623,T1624,C057,P009,1,2023-09-28 12:00:00,Store B,Ian Chen,Seattle,2023-06-18,USB Cable,Electronics,586.73,586.73
1624,T1625,C034,P028,5,2023-09-28 16:00:00,Store B,Quinn Brown,Sacramento,2023-04-10,Pillow,Home & Garden,54.92,274.6
1625,T1626,C055,P006,2,2023-09-28 20:00:00,Store C,Steve Patel,San Francisco,2023-06-12,Smartphone,Electronics,1413.66,2827.32
1626,T1627,C095,P029,2,2023-09-29 00:00:00,Store A,Michael Kim,Los Angeles,2023-10-10,Candle,Home & Garden,162.72,325.44
1627,T1628,C100,P017,5,2023-09-29 04:00:00,Store B,Eric Davis,Seattle,2023-10-25,Socks,Clothing,70.06,350.3
1628,T1629,C061,P016,1,2023-09-29 08:00:00,Store B,Rachel Lee,Portland,2023-06-30,Hat,Clothing,58.28,58.28
1629,T1630,C068,P023,3,2023-09-29 12:00:00,Store C,Alice Rodriguez,San Diego,2023-07-21,Vacuum,Home & Garden,213.37,640.11
1630,T1631,C087,P031,1,2023-09-29 16:00:00,Store C,Alice Rodriguez,Los Angeles,2023-09-16,Fiction Novel,Books,39.63,39.63
1631,T1632,C095,P003,3,2023-09-29 20:00:00,Store B,Michael Kim,Los Angeles,2023-10-10,Keyboard,Electronics,85.26,255.78
1632,T1633,C079,P021,1,2023-09-30 00:00:00,Store B,Hannah Patel,Portland,2023-08-23,Coffee Maker,Home & Garden,173.69,173.69
1633,T1634,C063,P026,4,2023-09-30 04:00:00,Store A,George Davis,San Diego,2023-07-06,Rug,Home & Garden,190.28,761.12
1634,T1635,C065,P036,1,2023-09-30 08:00:00,Store B,Patricia Anderson,Portland,2023-07-12,Comic Book,Books,42.37,42.37
1635,T1636,C085,P042,1,2023-09-30 12:00:00,Store B,Ian Patel,Portland,2023-09-10,Dumbbells,Sports,402.17,402.17
1636,T1637,C002,P037,3,2023-09-30 16:00:00,Store C,Teresa Miller,Sacramento,2023-01-04,Travel Guide,Books,42.4,127.2
1637,T1638,C081,P022,1,2023-09-30 20:00:00,Store B,Charlie Anderson,San Diego,2023-08-29,Blender,Home & Garden,281.8,281.8
1638,T1639,C060,P042,2,2023-10-01 00:00:00,Store C,Alice Brown,Portland,2023-06-27,Dumbbells,Sports,402.17,804.34
1639,T1640,C091,P012,1,2023-10-01 04:00:00,Store B,Alice Davis,Seattle,2023-09-28,Jeans,Clothing,75.66,75.66
1640,T1641,C024,P042,2,2023-10-01 08:00:00,Store B,Steve Jackson,Portland,2023-03-11,Dumbbells,Sports,402.17,804.34
1641,T1642,C079,P013,1,2023-10-01 12:00:00,Store B,Hannah Patel,Portland,2023-08-23,Sweater,Clothing,145.67,145.67
1642,T1643,C071,P011,1,2023-10-01 16:00:00,Store A,Ian Anderson,Los Angeles,2023-07-30,T-Shirt,Clothing,140.68,140.68
1643,T1644,C082,P016,1,2023-10-01 20:00:00,Store C,Rachel Rodriguez,San Francisco,2023-09-01,Hat,Clothing,58.28,58.28
1644,T1645,C018,P008,1,2023-10-02 00:00:00,Store A,Teresa Miller,San Francisco,2023-02-21,Webcam,Electronics,1376.55,1376.55
1645,T1646,C078,P040,1,2023-10-02 04:00:00,Store B,Diana Garcia,Seattle,2023-08-20,Reference Book,Books,30.45,30.45
1646,T1647,C077,P040,1,2023-10-02 08:00:00,Store A,Quinn Wilson,Los Angeles,2023-08-17,Reference Book,Books,30.45,30.45
1647,T1648,C077,P045,1,2023-10-02 12:00:00,Store C,Quinn Wilson,Los Angeles,2023-08-17,Running Shoes,Sports,400.96,400.96
1648,T1649,C080,P002,1,2023-10-02 16:00:00,Store B,Charlie Rodriguez,Seattle,2023-08-26,Mouse,Electronics,457.12,457.12
1649,T1650,C084,P030,2,2023-10-02 20:00:00,Store A,Charlie Miller,Seattle,2023-09-07,Picture Frame,Home & Garden,265.05,530.1
1650,T1651,C091,P030,3,2023-10-03 00:00:00,Store A,Alice Davis,Seattle,2023-09-28,Picture Frame,Home & Garden,265.05,795.15
1651,T1652,C051,P012,1,2023-10-03 04:00:00,Store C,Fiona Miller,Sacramento,2023-05-31,Jeans,Clothing,75.66,75.66
1652,T1653,C092,P010,2,2023-10-03 08:00:00,Store A,Steve Garcia,Los Angeles,2023-10-01,Power Bank,Electronics,72.41,144.82
1653,T1654,C072,P044,2,2023-10-03 12:00:00,Store C,Charlie Kim,Seattle,2023-08-02,Soccer Ball,Sports,355.45,710.9
1654,T1655,C021,P011,1,2023-10-03 16:00:00,Store B,Hannah Brown,San Francisco,2023-03-02,T-Shirt,Clothing,140.68,140.68
1655,T1656,C017,P015,2,2023-10-03 20:00:00,Store B,Alice Chen,Portland,2023-02-18,Shoes,Clothing,130.89,261.78
1656,T1657,C058,P016,1,2023-10-04 00:00:00,Store A,Hannah Lee,Seattle,2023-06-21,Hat,Clothing,58.28,58.28
1657,T1658,C090,P017,2,2023-10-04 04:00:00,Store B,Charlie Chen,San Francisco,2023-09-25,Socks,Clothing,70.06,140.12
1658,T1659,C086,P026,1,2023-10-04 08:00:00,Store B,Alice Patel,Portland,2023-09-13,Rug,Home & Garden,190.28,190.28
1659,T1660,C090,P002,2,2023-10-04 12:00:00,Store A,Charlie Chen,San Francisco,2023-09-25,Mouse,Electronics,457.12,914.24
1660,T1661,C074,P050,2,2023-10-04 16:00:00,Store B,Teresa Wilson,San Diego,2023-08-08,Skateboard,Sports,295.47,590.94
1661,T1662,C068,P012,1,2023-10-04 20:00:00,Store A,Alice Rodriguez,San Diego,2023-07-21,Jeans,Clothing,75.66,75.66
1662,T1663,C034,P026,1,2023-10-05 00:00:00,Store C,Quinn Brown,Sacramento,2023-04-10,Rug,Home & Garden,190.28,190.28
1663,T1664,C057,P023,5,2023-10-05 04:00:00,Store C,Ian Chen,Seattle,2023-06-18,Vacuum,Home & Garden,213.37,1066.85
1664,T1665,C067,P018,1,2023-10-05 08:00:00,Store C,Quinn Martinez,Seattle,2023-07-18,Dress,Clothing,130.65,130.65
1665,T1666,C023,P032,2,2023-10-05 12:00:00,Store A,Eric Chen,Portland,2023-03-08,Cookbook,Books,37.88,75.76
1666,T1667,C045,P049,4,2023-10-05 16:00:00,Store A,Fiona Wilson,Portland,2023-05-13,Bicycle,Sports,60.58,242.32
1667,T1668,C079,P038,2,2023-10-05 20:00:00,Store B,Hannah Patel,Portland,2023-08-23,Self-Help,Books,44.68,89.36
1668,T1669,C088,P047,2,2023-10-06 00:00:00,Store B,Patricia Patel,San Francisco,2023-09-19,Resistance Bands,Sports,178.93,357.86
1669,T1670,C100,P003,3,2023-10-06 04:00:00,Store B,Eric Davis,Seattle,2023-10-25,Keyboard,Electronics,85.26,255.78
1670,T1671,C098,P038,3,2023-10-06 08:00:00,Store B,Alice Davis,Portland,2023-10-19,Self-Help,Books,44.68,134.04
1671,T1672,C082,P003,1,2023-10-06 12:00:00,Store B,Rachel Rodriguez,San Francisco,2023-09-01,Keyboard,Electronics,85.26,85.26
1672,T1673,C066,P030,1,2023-10-06 16:00:00,Store A,Teresa Davis,San Francisco,2023-07-15,Picture Frame,Home & Garden,265.05,265.05
1673,T1674,C082,P001,1,2023-10-06 20:00:00,Store A,Rachel Rodriguez,San Francisco,2023-09-01,Laptop,Electronics,1097.56,1097.56
1674,T1675,C090,P030,4,2023-10-07 00:00:00,Store C,Charlie Chen,San Francisco,2023-09-25,Picture Frame,Home & Garden,265.05,1060.2
1675,T1676,C029,P045,2,2023-10-07 04:00:00,Store C,Quinn Jackson,San Francisco,2023-03-26,Running Shoes,Sports,400.96,801.92
1676,T1677,C065,P032,1,2023-10-07 08:00:00,Store C,Patricia Anderson,Portland,2023-07-12,Cookbook,Books,37.88,37.88
1677,T1678,C093,P028,3,2023-10-07 12:00:00,Store C,Nina Rodriguez,Los Angeles,2023-10-04,Pillow,Home & Garden,54.92,164.76
1678,T1679,C063,P021,1,2023-10-07 16:00:00,Store A,George Davis,San Diego,2023-07-06,Coffee Maker,Home & Garden,173.69,173.69
1679,T1680,C078,P046,1,2023-10-07 20:00:00,Store A,Diana Garcia,Seattle,2023-08-20,Water Bottle,Sports,446.65,446.65
1680,T1681,C079,P013,2,2023-10-08 00:00:00,Store A,Hannah Patel,Portland,2023-08-23,Sweater,Clothing,145.67,291.34
1681,T1682,C040,P027,1,2023-10-08 04:00:00,Store B,Laura Jackson,Portland,2023-04-28,Curtains,Home & Garden,297.17,297.17
1682,T1683,C061,P036,3,2023-10-08 08:00:00,Store B,Rachel Lee,Portland,2023-06-30,Comic Book,Books,42.37,127.11
1683,T1684,C058,P007,1,2023-10-08 12:00:00,Store C,Hannah Lee,Seattle,2023-06-21,Headphones,Electronics,1433.2,1433.2
1684,T1685,C008,P022,3,2023-10-08 16:00:00,Store B,George Brown,San Diego,2023-01-22,Blender,Home & Garden,281.8,845.4
1685,T1686,C008,P010,2,2023-10-08 20:00:00,Store A,George Brown,San Diego,2023-01-22,Power Bank,Electronics,72.41,144.82
1686,T1687,C093,P039,1,2023-10-09 00:00:00,Store C,Nina Rodriguez,Los Angeles,2023-10-04,Poetry,Books,46.53,46.53
1687,T1688,C051,P015,5,2023-10-09 04:00:00,Store C,Fiona Miller,Sacramento,2023-05-31,Shoes,Clothing,130.89,654.45
1688,T1689,C074,P015,2,2023-10-09 08:00:00,Store B,Teresa Wilson,San Diego,2023-08-08,Shoes,Clothing,130.89,261.78
1689,T1690,C054,P004,1,2023-10-09 12:00:00,Store C,Charlie Singh,San Diego,2023-06-09,Monitor,Electronics,985.93,985.93
1690,T1691,C098,P032,1,2023-10-09 16:00:00,Store B,Alice Davis,Portland,2023-10-19,Cookbook,Books,37.88,37.88
1691,T1692,C050,P023,3,2023-10-09 20:00:00,Store B,Ian Davis,Seattle,2023-05-28,Vacuum,Home & Garden,213.37,640.11
1692,T1693,C067,P006,1,2023-10-10 00:00:00,Store C,Quinn Martinez,Seattle,2023-07-18,Smartphone,Electronics,1413.66,1413.66
1693,T1694,C095,P024,1,2023-10-10 04:00:00,Store B,Michael Kim,Los Angeles,2023-10-10,Lamp,Home & Garden,177.47,177.47
1694,T1695,C093,P020,1,2023-10-10 08:00:00,Store B,Nina Rodriguez,Los Angeles,2023-10-04,Scarf,Clothing,42.03,42.03
1695,T1696,C040,P037,1,2023-10-10 12:00:00,Store B,Laura Jackson,Portland,2023-04-28,Travel Guide,Books,42.4,42.4
1696,T1697,C091,P020,3,2023-10-10 16:00:00,Store B,Alice Davis,Seattle,2023-09-28,Scarf,Clothing,42.03,126.09
1697,T1698,C069,P012,1,2023-10-10 20:00:00,Store C,Laura Thompson,Seattle,2023-07-24,Jeans,Clothing,75.66,75.66
1698,T1699,C071,P033,1,2023-10-11 00:00:00,Store A,Ian Anderson,Los Angeles,2023-07-30,Biography,Books,38.1,38.1
1699,T1700,C032,P028,1,2023-10-11 04:00:00,Store A,Charlie Chen,Seattle,2023-04-04,Pillow,Home & Garden,54.92,54.92
1700,T1701,C021,P008,1,2023-10-11 08:00:00,Store B,Hannah Brown,San Francisco,2023-03-02,Webcam,Electronics,1376.55,1376.55
1701,T1702,C087,P001,4,2023-10-11 12:00:00,Store B,Alice Rodriguez,Los Angeles,2023-09-16,Laptop,Electronics,1097.56,4390.24
1702,T1703,C072,P037,1,2023-10-11 16:00:00,Store B,Charlie Kim,Seattle,2023-08-02,Travel Guide,Books,42.4,42.4
1703,T1704,C067,P022,5,2023-10-11 20:00:00,Store A,Quinn Martinez,Seattle,2023-07-18,Blender,Home & Garden,281.8,1409.0
1704,T1705,C087,P006,1,2023-10-12 00:00:00,Store B,Alice Rodriguez,Los Angeles,2023-09-16,Smartphone,Electronics,1413.66,1413.66
1705,T1706,C089,P021,1,2023-10-12 04:00:00,Store C,Hannah Lee,San Diego,2023-09-22,Coffee Maker,Home & Garden,173.69,173.69
1706,T1707,C036,P032,3,2023-10-12 08:00:00,Store C,Bob Davis,San Diego,2023-04-16,Cookbook,Books,37.88,113.64
1707,T1708,C080,P035,1,2023-10-12 12:00:00,Store C,Charlie Rodriguez,Seattle,2023-08-26,Magazine,Books,21.74,21.74
1708,T1709,C032,P015,2,2023-10-12 16:00:00,Store A,Charlie Chen,Seattle,2023-04-04,Shoes,Clothing,130.89,261.78
1709,T1710,C088,P005,5,2023-10-12 20:00:00,Store B,Patricia Patel,San Francisco,2023-09-19,Tablet,Electronics,306.81,1534.05
1710,T1711,C083,P046,1,2023-10-13 00:00:00,Store B,Rachel Martinez,Portland,2023-09-04,Water Bottle,Sports,446.65,446.65
1711,T1712,C099,P050,1,2023-10-13 04:00:00,Store B,Oscar Chen,Seattle,2023-10-22,Skateboard,Sports,295.47,295.47
1712,T1713,C019,P048,2,2023-10-13 08:00:00,Store A,Ian Kim,Portland,2023-02-24,Jump Rope,Sports,197.16,394.32
1713,T1714,C016,P006,1,2023-10-13 12:00:00,Store A,George Rodriguez,Seattle,2023-02-15,Smartphone,Electronics,1413.66,1413.66
1714,T1715,C052,P025,1,2023-10-13 16:00:00,Store A,Charlie Patel,Los Angeles,2023-06-03,Plant Pot,Home & Garden,42.7,42.7
1715,T1716,C050,P046,1,2023-10-13 20:00:00,Store A,Ian Davis,Seattle,2023-05-28,Water Bottle,Sports,446.65,446.65
1716,T1717,C048,P040,1,2023-10-14 00:00:00,Store C,Kevin Singh,San Francisco,2023-05-22,Reference Book,Books,30.45,30.45
1717,T1718,C096,P029,3,2023-10-14 04:00:00,Store A,Hannah Brown,San Francisco,2023-10-13,Candle,Home & Garden,162.72,488.16
1718,T1719,C048,P007,1,2023-10-14 08:00:00,Store A,Kevin Singh,San Francisco,2023-05-22,Headphones,Electronics,1433.2,1433.2
1719,T1720,C051,P040,1,2023-10-14 12:00:00,Store A,Fiona Miller,Sacramento,2023-05-31,Reference Book,Books,30.45,30.45
1720,T1721,C089,P013,2,2023-10-14 16:00:00,Store B,Hannah Lee,San Diego,2023-09-22,Sweater,Clothing,145.67,291.34
1721,T1722,C068,P038,1,2023-10-14 20:00:00,Store B,Alice Rodriguez,San Diego,2023-07-21,Self-Help,Books,44.68,44.68
1722,T1723,C090,P018,1,2023-10-15 00:00:00,Store B,Charlie Chen,San Francisco,2023-09-25,Dress,Clothing,130.65,130.65
1723,T1724,C018,P002,3,2023-10-15 04:00:00,Store C,Teresa Miller,San Francisco,2023-02-21,Mouse,Electronics,457.12,1371.36
1724,T1725,C071,P008,1,2023-10-15 08:00:00,Store C,Ian Anderson,Los Angeles,2023-07-30,Webcam,Electronics,1376.55,1376.55
1725,T1726,C010,P011,3,2023-10-15 12:00:00,Store A,Bob Jackson,Los Angeles,2023-01-28,T-Shirt,Clothing,140.68,422.04
1726,T1727,C017,P033,3,2023-10-15 16:00:00,Store B,Alice Chen,Portland,2023-02-18,Biography,Books,38.1,114.3
1727,T1728,C096,P038,1,2023-10-15 20:00:00,Store C,Hannah Brown,San Francisco,2023-10-13,Self-Help,Books,44.68,44.68
1728,T1729,C033,P048,2,2023-10-16 00:00:00,Store B,Eric Chen,Seattle,2023-04-07,Jump Rope,Sports,197.16,394.32
1729,T1730,C075,P027,1,2023-10-16 04:00:00,Store C,Alice Wilson,Los Angeles,2023-08-11,Curtains,Home & Garden,297.17,297.17
1730,T1731,C065,P020,1,2023-10-16 08:00:00,Store C,Patricia Anderson,Portland,2023-07-12,Scarf,Clothing,42.03,42.03
1731,T1732,C059,P012,3,2023-10-16 12:00:00,Store A,Rachel Wilson,Seattle,2023-06-24,Jeans,Clothing,75.66,226.98
1732,T1733,C096,P043,3,2023-10-16 16:00:00,Store A,Hannah Brown,San Francisco,2023-10-13,Tennis Racket,Sports,330.23,990.69
1733,T1734,C007,P031,1,2023-10-16 20:00:00,Store C,Diana Miller,Seattle,2023-01-19,Fiction Novel,Books,39.63,39.63
1734,T1735,C083,P027,2,2023-10-17 00:00:00,Store A,Rachel Martinez,Portland,2023-09-04,Curtains,Home & Garden,297.17,594.34
1735,T1736,C099,P032,4,2023-10-17 04:00:00,Store C,Oscar Chen,Seattle,2023-10-22,Cookbook,Books,37.88,151.52
1736,T1737,C077,P010,4,2023-10-17 08:00:00,Store C,Quinn Wilson,Los Angeles,2023-08-17,Power Bank,Electronics,72.41,289.64
1737,T1738,C098,P003,2,2023-10-17 12:00:00,Store B,Alice Davis,Portland,2023-10-19,Keyboard,Electronics,85.26,170.52
1738,T1739,C015,P045,1,2023-10-17 16:00:00,Store A,Kevin Jackson,Seattle,2023-02-12,Running Shoes,Sports,400.96,400.96
1739,T1740,C066,P027,1,2023-10-17 20:00:00,Store A,Teresa Davis,San Francisco,2023-07-15,Curtains,Home & Garden,297.17,297.17
1740,T1741,C050,P035,4,2023-10-18 00:00:00,Store A,Ian Davis,Seattle,2023-05-28,Magazine,Books,21.74,86.96
1741,T1742,C087,P031,1,2023-10-18 04:00:00,Store B,Alice Rodriguez,Los Angeles,2023-09-16,Fiction Novel,Books,39.63,39.63
1742,T1743,C100,P015,2,2023-10-18 08:00:00,Store B,Eric Davis,Seattle,2023-10-25,Shoes,Clothing,130.89,261.78
1743,T1744,C049,P016,1,2023-10-18 12:00:00,Store B,Patricia Chen,San Francisco,2023-05-25,Hat,Clothing,58.28,58.28
1744,T1745,C083,P013,1,2023-10-18 16:00:00,Store A,Rachel Martinez,Portland,2023-09-04,Sweater,Clothing,145.67,145.67
1745,T1746,C042,P049,1,2023-10-18 20:00:00,Store A,Diana Lee,San Francisco,2023-05-04,Bicycle,Sports,60.58,60.58
1746,T1747,C077,P035,5,2023-10-19 00:00:00,Store A,Quinn Wilson,Los Angeles,2023-08-17,Magazine,Books,21.74,108.7
1747,T1748,C070,P011,1,2023-10-19 04:00:00,Store B,Eric Brown,Sacramento,2023-07-27,T-Shirt,Clothing,140.68,140.68
1748,T1749,C099,P021,2,2023-10-19 08:00:00,Store B,Oscar Chen,Seattle,2023-10-22,Coffee Maker,Home & Garden,173.69,347.38
1749,T1750,C080,P011,1,2023-10-19 12:00:00,Store C,Charlie Rodriguez,Seattle,2023-08-26,T-Shirt,Clothing,140.68,140.68
1750,T1751,C059,P030,1,2023-10-19 16:00:00,Store B,Rachel Wilson,Seattle,2023-06-24,Picture Frame,Home & Garden,265.05,265.05
1751,T1752,C028,P048,1,2023-10-19 20:00:00,Store C,Quinn Rodriguez,San Francisco,2023-03-23,Jump Rope,Sports,197.16,197.16
1752,T1753,C035,P035,2,2023-10-20 00:00:00,Store A,Quinn Martinez,Sacramento,2023-04-13,Magazine,Books,21.74,43.48
1753,T1754,C045,P022,1,2023-10-20 04:00:00,Store B,Fiona Wilson,Portland,2023-05-13,Blender,Home & Garden,281.8,281.8
1754,T1755,C049,P038,1,2023-10-20 08:00:00,Store A,Patricia Chen,San Francisco,2023-05-25,Self-Help,Books,44.68,44.68
1755,T1756,C094,P031,1,2023-10-20 12:00:00,Store A,Fiona Garcia,San Francisco,2023-10-07,Fiction Novel,Books,39.63,39.63
1756,T1757,C077,P014,1,2023-10-20 16:00:00,Store A,Quinn Wilson,Los Angeles,2023-08-17,Jacket,Clothing,145.27,145.27
1757,T1758,C074,P024,4,2023-10-20 20:00:00,Store A,Teresa Wilson,San Diego,2023-08-08,Lamp,Home & Garden,177.47,709.88
1758,T1759,C028,P050,4,2023-10-21 00:00:00,Store B,Quinn Rodriguez,San Francisco,2023-03-23,Skateboard,Sports,295.47,1181.88
1759,T1760,C094,P049,1,2023-10-21 04:00:00,Store A,Fiona Garcia,San Francisco,2023-10-07,Bicycle,Sports,60.58,60.58
1760,T1761,C087,P032,2,2023-10-21 08:00:00,Store C,Alice Rodriguez,Los Angeles,2023-09-16,Cookbook,Books,37.88,75.76
1761,T1762,C019,P036,4,2023-10-21 12:00:00,Store B,Ian Kim,Portland,2023-02-24,Comic Book,Books,42.37,169.48
1762,T1763,C086,P032,1,2023-10-21 16:00:00,Store A,Alice Patel,Portland,2023-09-13,Cookbook,Books,37.88,37.88
1763,T1764,C076,P015,3,2023-10-21 20:00:00,Store B,Teresa Brown,Los Angeles,2023-08-14,Shoes,Clothing,130.89,392.67
1764,T1765,C022,P043,4,2023-10-22 00:00:00,Store C,Ian Rodriguez,Seattle,2023-03-05,Tennis Racket,Sports,330.23,1320.92
1765,T1766,C069,P035,1,2023-10-22 04:00:00,Store A,Laura Thompson,Seattle,2023-07-24,Magazine,Books,21.74,21.74
1766,T1767,C071,P003,1,2023-10-22 08:00:00,Store C,Ian Anderson,Los Angeles,2023-07-30,Keyboard,Electronics,85.26,85.26
1767,T1768,C037,P016,4,2023-10-22 12:00:00,Store A,Eric Chen,Portland,2023-04-19,Hat,Clothing,58.28,233.12
1768,T1769,C098,P005,2,2023-10-22 16:00:00,Store C,Alice Davis,Portland,2023-10-19,Tablet,Electronics,306.81,613.62
1769,T1770,C094,P021,1,2023-10-22 20:00:00,Store A,Fiona Garcia,San Francisco,2023-10-07,Coffee Maker,Home & Garden,173.69,173.69
1770,T1771,C084,P010,1,2023-10-23 00:00:00,Store B,Charlie Miller,Seattle,2023-09-07,Power Bank,Electronics,72.41,72.41
1771,T1772,C069,P019,1,2023-10-23 04:00:00,Store A,Laura Thompson,Seattle,2023-07-24,Shorts,Clothing,61.2,61.2
1772,T1773,C065,P025,2,2023-10-23 08:00:00,Store B,Patricia Anderson,Portland,2023-07-12,Plant Pot,Home & Garden,42.7,85.4
1773,T1774,C083,P004,2,2023-10-23 12:00:00,Store A,Rachel Martinez,Portland,2023-09-04,Monitor,Electronics,985.93,1971.86
1774,T1775,C076,P029,5,2023-10-23 16:00:00,Store A,Teresa Brown,Los Angeles,2023-08-14,Candle,Home & Garden,162.72,813.6
1775,T1776,C017,P019,1,2023-10-23 20:00:00,Store C,Alice Chen,Portland,2023-02-18,Shorts,Clothing,61.2,61.2
1776,T1777,C073,P043,2,2023-10-24 00:00:00,Store C,Patricia Kim,Seattle,2023-08-05,Tennis Racket,Sports,330.23,660.46
1777,T1778,C091,P002,2,2023-10-24 04:00:00,Store C,Alice Davis,Seattle,2023-09-28,Mouse,Electronics,457.12,914.24
1778,T1779,C069,P010,1,2023-10-24 08:00:00,Store A,Laura Thompson,Seattle,2023-07-24,Power Bank,Electronics,72.41,72.41
1779,T1780,C015,P043,1,2023-10-24 12:00:00,Store A,Kevin Jackson,Seattle,2023-02-12,Tennis Racket,Sports,330.23,330.23
1780,T1781,C090,P025,5,2023-10-24 16:00:00,Store A,Charlie Chen,San Francisco,2023-09-25,Plant Pot,Home & Garden,42.7,213.5
1781,T1782,C042,P020,3,2023-10-24 20:00:00,Store B,Diana Lee,San Francisco,2023-05-04,Scarf,Clothing,42.03,126.09
1782,T1783,C050,P048,1,2023-10-25 00:00:00,Store B,Ian Davis,Seattle,2023-05-28,Jump Rope,Sports,197.16,197.16
1783,T1784,C037,P019,2,2023-10-25 04:00:00,Store A,Eric Chen,Portland,2023-04-19,Shorts,Clothing,61.2,122.4
1784,T1785,C057,P023,1,2023-10-25 08:00:00,Store C,Ian Chen,Seattle,2023-06-18,Vacuum,Home & Garden,213.37,213.37
1785,T1786,C089,P024,2,2023-10-25 12:00:00,Store C,Hannah Lee,San Diego,2023-09-22,Lamp,Home & Garden,177.47,354.94
1786,T1787,C074,P011,2,2023-10-25 16:00:00,Store C,Teresa Wilson,San Diego,2023-08-08,T-Shirt,Clothing,140.68,281.36
1787,T1788,C043,P046,2,2023-10-25 20:00:00,Store A,Kevin Wilson,Seattle,2023-05-07,Water Bottle,Sports,446.65,893.3
1788,T1789,C095,P034,5,2023-10-26 00:00:00,Store C,Michael Kim,Los Angeles,2023-10-10,Textbook,Books,24.38,121.9
1789,T1790,C095,P028,2,2023-10-26 04:00:00,Store A,Michael Kim,Los Angeles,2023-10-10,Pillow,Home & Garden,54.92,109.84
1790,T1791,C095,P005,1,2023-10-26 08:00:00,Store B,Michael Kim,Los Angeles,2023-10-10,Tablet,Electronics,306.81,306.81
1791,T1792,C047,P005,3,2023-10-26 12:00:00,Store C,Bob Garcia,Portland,2023-05-19,Tablet,Electronics,306.81,920.43
1792,T1793,C069,P021,1,2023-10-26 16:00:00,Store B,Laura Thompson,Seattle,2023-07-24,Coffee Maker,Home & Garden,173.69,173.69
1793,T1794,C100,P012,1,2023-10-26 20:00:00,Store C,Eric Davis,Seattle,2023-10-25,Jeans,Clothing,75.66,75.66
1794,T1795,C090,P050,1,2023-10-27 00:00:00,Store A,Charlie Chen,San Francisco,2023-09-25,Skateboard,Sports,295.47,295.47
1795,T1796,C009,P004,1,2023-10-27 04:00:00,Store A,Steve Garcia,San Francisco,2023-01-25,Monitor,Electronics,985.93,985.93
1796,T1797,C018,P049,3,2023-10-27 08:00:00,Store A,Teresa Miller,San Francisco,2023-02-21,Bicycle,Sports,60.58,181.74
1797,T1798,C070,P042,1,2023-10-27 12:00:00,Store A,Eric Brown,Sacramento,2023-07-27,Dumbbells,Sports,402.17,402.17
1798,T1799,C096,P020,3,2023-10-27 16:00:00,Store C,Hannah Brown,San Francisco,2023-10-13,Scarf,Clothing,42.03,126.09
1799,T1800,C075,P038,2,2023-10-27 20:00:00,Store B,Alice Wilson,Los Angeles,2023-08-11,Self-Help,Books,44.68,89.36
1800,T1801,C072,P025,1,2023-10-28 00:00:00,Store A,Charlie Kim,Seattle,2023-08-02,Plant Pot,Home & Garden,42.7,42.7
1801,T1802,C026,P014,3,2023-10-28 04:00:00,Store C,Oscar Brown,Los Angeles,2023-03-17,Jacket,Clothing,145.27,435.81
1802,T1803,C083,P011,1,2023-10-28 08:00:00,Store B,Rachel Martinez,Portland,2023-09-04,T-Shirt,Clothing,140.68,140.68
1803,T1804,C092,P032,1,2023-10-28 12:00:00,Store A,Steve Garcia,Los Angeles,2023-10-01,Cookbook,Books,37.88,37.88
1804,T1805,C062,P011,2,2023-10-28 16:00:00,Store B,Julia Kim,Portland,2023-07-03,T-Shirt,Clothing,140.68,281.36
1805,T1806,C090,P018,1,2023-10-28 20:00:00,Store A,Charlie Chen,San Francisco,2023-09-25,Dress,Clothing,130.65,130.65
1806,T1807,C099,P027,1,2023-10-29 00:00:00,Store B,Oscar Chen,Seattle,2023-10-22,Curtains,Home & Garden,297.17,297.17
1807,T1808,C042,P018,2,2023-10-29 04:00:00,Store B,Diana Lee,San Francisco,2023-05-04,Dress,Clothing,130.65,261.3
1808,T1809,C074,P023,2,2023-10-29 08:00:00,Store A,Teresa Wilson,San Diego,2023-08-08,Vacuum,Home & Garden,213.37,426.74
1809,T1810,C053,P011,1,2023-10-29 12:00:00,Store C,Diana Kim,Sacramento,2023-06-06,T-Shirt,Clothing,140.68,140.68
1810,T1811,C091,P021,4,2023-10-29 16:00:00,Store B,Alice Davis,Seattle,2023-09-28,Coffee Maker,Home & Garden,173.69,694.76
1811,T1812,C078,P044,2,2023-10-29 20:00:00,Store A,Diana Garcia,Seattle,2023-08-20,Soccer Ball,Sports,355.45,710.9
1812,T1813,C082,P005,3,2023-10-30 00:00:00,Store B,Rachel Rodriguez,San Francisco,2023-09-01,Tablet,Electronics,306.81,920.43
1813,T1814,C091,P023,1,2023-10-30 04:00:00,Store B,Alice Davis,Seattle,2023-09-28,Vacuum,Home & Garden,213.37,213.37
1814,T1815,C064,P041,2,2023-10-30 08:00:00,Store C,Patricia Jackson,Portland,2023-07-09,Yoga Mat,Sports,258.24,516.48
1815,T1816,C097,P025,3,2023-10-30 12:00:00,Store B,Bob Thompson,San Francisco,2023-10-16,Plant Pot,Home & Garden,42.7,128.1
1816,T1817,C075,P041,2,2023-10-30 16:00:00,Store B,Alice Wilson,Los Angeles,2023-08-11,Yoga Mat,Sports,258.24,516.48
1817,T1818,C036,P010,2,2023-10-30 20:00:00,Store A,Bob Davis,San Diego,2023-04-16,Power Bank,Electronics,72.41,144.82
1818,T1819,C085,P022,1,2023-10-31 00:00:00,Store A,Ian Patel,Portland,2023-09-10,Blender,Home & Garden,281.8,281.8
1819,T1820,C091,P019,1,2023-10-31 04:00:00,Store C,Alice Davis,Seattle,2023-09-28,Shorts,Clothing,61.2,61.2
1820,T1821,C056,P001,1,2023-10-31 08:00:00,Store B,George Patel,Sacramento,2023-06-15,Laptop,Electronics,1097.56,1097.56
1821,T1822,C094,P007,1,2023-10-31 12:00:00,Store B,Fiona Garcia,San Francisco,2023-10-07,Headphones,Electronics,1433.2,1433.2
1822,T1823,C096,P004,3,2023-10-31 16:00:00,Store B,Hannah Brown,San Francisco,2023-10-13,Monitor,Electronics,985.93,2957.79
1823,T1824,C052,P001,1,2023-10-31 20:00:00,Store C,Charlie Patel,Los Angeles,2023-06-03,Laptop,Electronics,1097.56,1097.56
1824,T1825,C100,P015,4,2023-11-01 00:00:00,Store B,Eric Davis,Seattle,2023-10-25,Shoes,Clothing,130.89,523.56
1825,T1826,C033,P040,4,2023-11-01 04:00:00,Store A,Eric Chen,Seattle,2023-04-07,Reference Book,Books,30.45,121.8
1826,T1827,C042,P012,1,2023-11-01 08:00:00,Store C,Diana Lee,San Francisco,2023-05-04,Jeans,Clothing,75.66,75.66
1827,T1828,C040,P022,1,2023-11-01 12:00:00,Store A,Laura Jackson,Portland,2023-04-28,Blender,Home & Garden,281.8,281.8
1828,T1829,C096,P022,3,2023-11-01 16:00:00,Store A,Hannah Brown,San Francisco,2023-10-13,Blender,Home & Garden,281.8,845.4
1829,T1830,C083,P050,4,2023-11-01 20:00:00,Store C,Rachel Martinez,Portland,2023-09-04,Skateboard,Sports,295.47,1181.88
1830,T1831,C035,P047,1,2023-11-02 00:00:00,Store A,Quinn Martinez,Sacramento,2023-04-13,Resistance Bands,Sports,178.93,178.93
1831,T1832,C068,P017,1,2023-11-02 04:00:00,Store B,Alice Rodriguez,San Diego,2023-07-21,Socks,Clothing,70.06,70.06
1832,T1833,C080,P029,2,2023-11-02 08:00:00,Store C,Charlie Rodriguez,Seattle,2023-08-26,Candle,Home & Garden,162.72,325.44
1833,T1834,C022,P046,2,2023-11-02 12:00:00,Store A,Ian Rodriguez,Seattle,2023-03-05,Water Bottle,Sports,446.65,893.3
1834,T1835,C095,P014,1,2023-11-02 16:00:00,Store B,Michael Kim,Los Angeles,2023-10-10,Jacket,Clothing,145.27,145.27
1835,T1836,C091,P050,2,2023-11-02 20:00:00,Store B,Alice Davis,Seattle,2023-09-28,Skateboard,Sports,295.47,590.94
1836,T1837,C073,P020,1,2023-11-03 00:00:00,Store A,Patricia Kim,Seattle,2023-08-05,Scarf,Clothing,42.03,42.03
1837,T1838,C099,P050,1,2023-11-03 04:00:00,Store B,Oscar Chen,Seattle,2023-10-22,Skateboard,Sports,295.47,295.47
1838,T1839,C066,P048,1,2023-11-03 08:00:00,Store C,Teresa Davis,San Francisco,2023-07-15,Jump Rope,Sports,197.16,197.16
1839,T1840,C100,P033,1,2023-11-03 12:00:00,Store A,Eric Davis,Seattle,2023-10-25,Biography,Books,38.1,38.1
1840,T1841,C084,P043,1,2023-11-03 16:00:00,Store B,Charlie Miller,Seattle,2023-09-07,Tennis Racket,Sports,330.23,330.23
1841,T1842,C082,P015,1,2023-11-03 20:00:00,Store B,Rachel Rodriguez,San Francisco,2023-09-01,Shoes,Clothing,130.89,130.89
1842,T1843,C037,P012,1,2023-11-04 00:00:00,Store A,Eric Chen,Portland,2023-04-19,Jeans,Clothing,75.66,75.66
1843,T1844,C095,P040,1,2023-11-04 04:00:00,Store A,Michael Kim,Los Angeles,2023-10-10,Reference Book,Books,30.45,30.45
1844,T1845,C067,P020,1,2023-11-04 08:00:00,Store A,Quinn Martinez,Seattle,2023-07-18,Scarf,Clothing,42.03,42.03
1845,T1846,C036,P030,5,2023-11-04 12:00:00,Store A,Bob Davis,San Diego,2023-04-16,Picture Frame,Home & Garden,265.05,1325.25
1846,T1847,C004,P038,1,2023-11-04 16:00:00,Store C,Eric Lee,San Francisco,2023-01-10,Self-Help,Books,44.68,44.68
1847,T1848,C077,P003,1,2023-11-04 20:00:00,Store A,Quinn Wilson,Los Angeles,2023-08-17,Keyboard,Electronics,85.26,85.26
1848,T1849,C074,P028,2,2023-11-05 00:00:00,Store C,Teresa Wilson,San Diego,2023-08-08,Pillow,Home & Garden,54.92,109.84
1849,T1850,C087,P026,5,2023-11-05 04:00:00,Store C,Alice Rodriguez,Los Angeles,2023-09-16,Rug,Home & Garden,190.28,951.4
1850,T1851,C096,P030,1,2023-11-05 08:00:00,Store A,Hannah Brown,San Francisco,2023-10-13,Picture Frame,Home & Garden,265.05,265.05
1851,T1852,C021,P013,2,2023-11-05 12:00:00,Store C,Hannah Brown,San Francisco,2023-03-02,Sweater,Clothing,145.67,291.34
1852,T1853,C087,P013,2,2023-11-05 16:00:00,Store A,Alice Rodriguez,Los Angeles,2023-09-16,Sweater,Clothing,145.67,291.34
1853,T1854,C040,P002,2,2023-11-05 20:00:00,Store A,Laura Jackson,Portland,2023-04-28,Mouse,Electronics,457.12,914.24
1854,T1855,C094,P037,1,2023-11-06 00:00:00,Store B,Fiona Garcia,San Francisco,2023-10-07,Travel Guide,Books,42.4,42.4
1855,T1856,C092,P049,2,2023-11-06 04:00:00,Store A,Steve Garcia,Los Angeles,2023-10-01,Bicycle,Sports,60.58,121.16
1856,T1857,C075,P038,1,2023-11-06 08:00:00,Store B,Alice Wilson,Los Angeles,2023-08-11,Self-Help,Books,44.68,44.68
1857,T1858,C086,P002,2,2023-11-06 12:00:00,Store C,Alice Patel,Portland,2023-09-13,Mouse,Electronics,457.12,914.24
1858,T1859,C056,P036,2,2023-11-06 16:00:00,Store B,George Patel,Sacramento,2023-06-15,Comic Book,Books,42.37,84.74
1859,T1860,C070,P026,1,2023-11-06 20:00:00,Store C,Eric Brown,Sacramento,2023-07-27,Rug,Home & Garden,190.28,190.28
1860,T1861,C092,P011,3,2023-11-07 00:00:00,Store A,Steve Garcia,Los Angeles,2023-10-01,T-Shirt,Clothing,140.68,422.04
1861,T1862,C069,P008,1,2023-11-07 04:00:00,Store C,Laura Thompson,Seattle,2023-07-24,Webcam,Electronics,1376.55,1376.55
1862,T1863,C060,P044,3,2023-11-07 08:00:00,Store C,Alice Brown,Portland,2023-06-27,Soccer Ball,Sports,355.45,1066.35
1863,T1864,C072,P040,1,2023-11-07 12:00:00,Store A,Charlie Kim,Seattle,2023-08-02,Reference Book,Books,30.45,30.45
1864,T1865,C093,P043,1,2023-11-07 16:00:00,Store C,Nina Rodriguez,Los Angeles,2023-10-04,Tennis Racket,Sports,330.23,330.23
1865,T1866,C058,P022,1,2023-11-07 20:00:00,Store A,Hannah Lee,Seattle,2023-06-21,Blender,Home & Garden,281.8,281.8
1866,T1867,C038,P020,4,2023-11-08 00:00:00,Store B,Alice Kim,Seattle,2023-04-22,Scarf,Clothing,42.03,168.12
1867,T1868,C086,P008,1,2023-11-08 04:00:00,Store A,Alice Patel,Portland,2023-09-13,Webcam,Electronics,1376.55,1376.55
1868,T1869,C092,P029,1,2023-11-08 08:00:00,Store A,Steve Garcia,Los Angeles,2023-10-01,Candle,Home & Garden,162.72,162.72
1869,T1870,C026,P040,1,2023-11-08 12:00:00,Store C,Oscar Brown,Los Angeles,2023-03-17,Reference Book,Books,30.45,30.45
1870,T1871,C047,P026,2,2023-11-08 16:00:00,Store B,Bob Garcia,Portland,2023-05-19,Rug,Home & Garden,190.28,380.56
1871,T1872,C033,P030,2,2023-11-08 20:00:00,Store A,Eric Chen,Seattle,2023-04-07,Picture Frame,Home & Garden,265.05,530.1
1872,T1873,C059,P017,1,2023-11-09 00:00:00,Store B,Rachel Wilson,Seattle,2023-06-24,Socks,Clothing,70.06,70.06
1873,T1874,C068,P020,1,2023-11-09 04:00:00,Store B,Alice Rodriguez,San Diego,2023-07-21,Scarf,Clothing,42.03,42.03
1874,T1875,C088,P016,1,2023-11-09 08:00:00,Store C,Patricia Patel,San Francisco,2023-09-19,Hat,Clothing,58.28,58.28
1875,T1876,C083,P046,1,2023-11-09 12:00:00,Store A,Rachel Martinez,Portland,2023-09-04,Water Bottle,Sports,446.65,446.65
1876,T1877,C081,P043,1,2023-11-09 16:00:00,Store C,Charlie Anderson,San Diego,2023-08-29,Tennis Racket,Sports,330.23,330.23
1877,T1878,C060,P007,2,2023-11-09 20:00:00,Store A,Alice Brown,Portland,2023-06-27,Headphones,Electronics,1433.2,2866.4
1878,T1879,C093,P016,1,2023-11-10 00:00:00,Store B,Nina Rodriguez,Los Angeles,2023-10-04,Hat,Clothing,58.28,58.28
1879,T1880,C070,P045,1,2023-11-10 04:00:00,Store A,Eric Brown,Sacramento,2023-07-27,Running Shoes,Sports,400.96,400.96
1880,T1881,C100,P047,1,2023-11-10 08:00:00,Store A,Eric Davis,Seattle,2023-10-25,Resistance Bands,Sports,178.93,178.93
1881,T1882,C082,P048,5,2023-11-10 12:00:00,Store B,Rachel Rodriguez,San Francisco,2023-09-01,Jump Rope,Sports,197.16,985.8
1882,T1883,C030,P027,4,2023-11-10 16:00:00,Store B,Teresa Davis,Seattle,2023-03-29,Curtains,Home & Garden,297.17,1188.68
1883,T1884,C084,P023,3,2023-11-10 20:00:00,Store A,Charlie Miller,Seattle,2023-09-07,Vacuum,Home & Garden,213.37,640.11
1884,T1885,C057,P024,1,2023-11-11 00:00:00,Store C,Ian Chen,Seattle,2023-06-18,Lamp,Home & Garden,177.47,177.47
1885,T1886,C085,P009,1,2023-11-11 04:00:00,Store A,Ian Patel,Portland,2023-09-10,USB Cable,Electronics,586.73,586.73
1886,T1887,C019,P035,1,2023-11-11 08:00:00,Store B,Ian Kim,Portland,2023-02-24,Magazine,Books,21.74,21.74
1887,T1888,C038,P020,1,2023-11-11 12:00:00,Store C,Alice Kim,Seattle,2023-04-22,Scarf,Clothing,42.03,42.03
1888,T1889,C094,P037,2,2023-11-11 16:00:00,Store B,Fiona Garcia,San Francisco,2023-10-07,Travel Guide,Books,42.4,84.8
1889,T1890,C046,P042,3,2023-11-11 20:00:00,Store B,Eric Patel,Los Angeles,2023-05-16,Dumbbells,Sports,402.17,1206.51
1890,T1891,C093,P017,3,2023-11-12 00:00:00,Store C,Nina Rodriguez,Los Angeles,2023-10-04,Socks,Clothing,70.06,210.18
1891,T1892,C052,P047,3,2023-11-12 04:00:00,Store B,Charlie Patel,Los Angeles,2023-06-03,Resistance Bands,Sports,178.93,536.79
1892,T1893,C082,P031,1,2023-11-12 08:00:00,Store B,Rachel Rodriguez,San Francisco,2023-09-01,Fiction Novel,Books,39.63,39.63
1893,T1894,C085,P008,2,2023-11-12 12:00:00,Store B,Ian Patel,Portland,2023-09-10,Webcam,Electronics,1376.55,2753.1
1894,T1895,C073,P015,1,2023-11-12 16:00:00,Store B,Patricia Kim,Seattle,2023-08-05,Shoes,Clothing,130.89,130.89
1895,T1896,C055,P031,1,2023-11-12 20:00:00,Store B,Steve Patel,San Francisco,2023-06-12,Fiction Novel,Books,39.63,39.63
1896,T1897,C044,P030,2,2023-11-13 00:00:00,Store B,Quinn Singh,Sacramento,2023-05-10,Picture Frame,Home & Garden,265.05,530.1
1897,T1898,C010,P046,1,2023-11-13 04:00:00,Store B,Bob Jackson,Los Angeles,2023-01-28,Water Bottle,Sports,446.65,446.65
1898,T1899,C055,P020,1,2023-11-13 08:00:00,Store B,Steve Patel,San Francisco,2023-06-12,Scarf,Clothing,42.03,42.03
1899,T1900,C083,P039,1,2023-11-13 12:00:00,Store B,Rachel Martinez,Portland,2023-09-04,Poetry,Books,46.53,46.53
1900,T1901,C098,P012,2,2023-11-13 16:00:00,Store A,Alice Davis,Portland,2023-10-19,Jeans,Clothing,75.66,151.32
1901,T1902,C095,P049,3,2023-11-13 20:00:00,Store A,Michael Kim,Los Angeles,2023-10-10,Bicycle,Sports,60.58,181.74
1902,T1903,C089,P017,1,2023-11-14 00:00:00,Store B,Hannah Lee,San Diego,2023-09-22,Socks,Clothing,70.06,70.06
1903,T1904,C090,P042,3,2023-11-14 04:00:00,Store A,Charlie Chen,San Francisco,2023-09-25,Dumbbells,Sports,402.17,1206.51
1904,T1905,C084,P030,1,2023-11-14 08:00:00,Store C,Charlie Miller,Seattle,2023-09-07,Picture Frame,Home & Garden,265.05,265.05
1905,T1906,C050,P029,1,2023-11-14 12:00:00,Store A,Ian Davis,Seattle,2023-05-28,Candle,Home & Garden,162.72,162.72
1906,T1907,C096,P019,2,2023-11-14 16:00:00,Store B,Hannah Brown,San Francisco,2023-10-13,Shorts,Clothing,61.2,122.4
1907,T1908,C084,P046,2,2023-11-14 20:00:00,Store B,Charlie Miller,Seattle,2023-09-07,Water Bottle,Sports,446.65,893.3
1908,T1909,C077,P011,5,2023-11-15 00:00:00,Store A,Quinn Wilson,Los Angeles,2023-08-17,T-Shirt,Clothing,140.68,703.4
1909,T1910,C028,P034,1,2023-11-15 04:00:00,Store B,Quinn Rodriguez,San Francisco,2023-03-23,Textbook,Books,24.38,24.38
1910,T1911,C068,P050,2,2023-11-15 08:00:00,Store C,Alice Rodriguez,San Diego,2023-07-21,Skateboard,Sports,295.47,590.94
1911,T1912,C069,P007,2,2023-11-15 12:00:00,Store C,Laura Thompson,Seattle,2023-07-24,Headphones,Electronics,1433.2,2866.4
1912,T1913,C094,P044,4,2023-11-15 16:00:00,Store B,Fiona Garcia,San Francisco,2023-10-07,Soccer Ball,Sports,355.45,1421.8
1913,T1914,C076,P034,1,2023-11-15 20:00:00,Store C,Teresa Brown,Los Angeles,2023-08-14,Textbook,Books,24.38,24.38
1914,T1915,C062,P020,3,2023-11-16 00:00:00,Store C,Julia Kim,Portland,2023-07-03,Scarf,Clothing,42.03,126.09
1915,T1916,C099,P050,2,2023-11-16 04:00:00,Store A,Oscar Chen,Seattle,2023-10-22,Skateboard,Sports,295.47,590.94
1916,T1917,C027,P038,1,2023-11-16 08:00:00,Store C,Ian Patel,Seattle,2023-03-20,Self-Help,Books,44.68,44.68
1917,T1918,C066,P024,1,2023-11-16 12:00:00,Store A,Teresa Davis,San Francisco,2023-07-15,Lamp,Home & Garden,177.47,177.47
1918,T1919,C013,P010,1,2023-11-16 16:00:00,Store B,Laura Davis,San Diego,2023-02-06,Power Bank,Electronics,72.41,72.41
1919,T1920,C088,P032,2,2023-11-16 20:00:00,Store A,Patricia Patel,San Francisco,2023-09-19,Cookbook,Books,37.88,75.76
1920,T1921,C097,P015,3,2023-11-17 00:00:00,Store B,Bob Thompson,San Francisco,2023-10-16,Shoes,Clothing,130.89,392.67
1921,T1922,C052,P037,2,2023-11-17 04:00:00,Store B,Charlie Patel,Los Angeles,2023-06-03,Travel Guide,Books,42.4,84.8
1922,T1923,C094,P020,2,2023-11-17 08:00:00,Store B,Fiona Garcia,San Francisco,2023-10-07,Scarf,Clothing,42.03,84.06
1923,T1924,C053,P003,2,2023-11-17 12:00:00,Store B,Diana Kim,Sacramento,2023-06-06,Keyboard,Electronics,85.26,170.52
1924,T1925,C097,P037,1,2023-11-17 16:00:00,Store B,Bob Thompson,San Francisco,2023-10-16,Travel Guide,Books,42.4,42.4
1925,T1926,C089,P040,1,2023-11-17 20:00:00,Store A,Hannah Lee,San Diego,2023-09-22,Reference Book,Books,30.45,30.45
1926,T1927,C091,P008,1,2023-11-18 00:00:00,Store B,Alice Davis,Seattle,2023-09-28,Webcam,Electronics,1376.55,1376.55
1927,T1928,C006,P040,1,2023-11-18 04:00:00,Store C,Oscar Brown,Seattle,2023-01-16,Reference Book,Books,30.45,30.45
1928,T1929,C099,P044,1,2023-11-18 08:00:00,Store C,Oscar Chen,Seattle,2023-10-22,Soccer Ball,Sports,355.45,355.45
1929,T1930,C087,P023,2,2023-11-18 12:00:00,Store B,Alice Rodriguez,Los Angeles,2023-09-16,Vacuum,Home & Garden,213.37,426.74
1930,T1931,C055,P040,1,2023-11-18 16:00:00,Store C,Steve Patel,San Francisco,2023-06-12,Reference Book,Books,30.45,30.45
1931,T1932,C093,P011,1,2023-11-18 20:00:00,Store A,Nina Rodriguez,Los Angeles,2023-10-04,T-Shirt,Clothing,140.68,140.68
1932,T1933,C052,P046,1,2023-11-19 00:00:00,Store A,Charlie Patel,Los Angeles,2023-06-03,Water Bottle,Sports,446.65,446.65
1933,T1934,C095,P008,1,2023-11-19 04:00:00,Store B,Michael Kim,Los Angeles,2023-10-10,Webcam,Electronics,1376.55,1376.55
1934,T1935,C028,P029,4,2023-11-19 08:00:00,Store B,Quinn Rodriguez,San Francisco,2023-03-23,Candle,Home & Garden,162.72,650.88
1935,T1936,C086,P030,3,2023-11-19 12:00:00,Store B,Alice Patel,Portland,2023-09-13,Picture Frame,Home & Garden,265.05,795.15
1936,T1937,C075,P010,2,2023-11-19 16:00:00,Store C,Alice Wilson,Los Angeles,2023-08-11,Power Bank,Electronics,72.41,144.82
1937,T1938,C025,P039,1,2023-11-19 20:00:00,Store C,Laura Wilson,San Francisco,2023-03-14,Poetry,Books,46.53,46.53
1938,T1939,C047,P028,3,2023-11-20 00:00:00,Store A,Bob Garcia,Portland,2023-05-19,Pillow,Home & Garden,54.92,164.76
1939,T1940,C004,P049,3,2023-11-20 04:00:00,Store C,Eric Lee,San Francisco,2023-01-10,Bicycle,Sports,60.58,181.74
1940,T1941,C070,P036,3,2023-11-20 08:00:00,Store A,Eric Brown,Sacramento,2023-07-27,Comic Book,Books,42.37,127.11
1941,T1942,C054,P013,1,2023-11-20 12:00:00,Store C,Charlie Singh,San Diego,2023-06-09,Sweater,Clothing,145.67,145.67
1942,T1943,C079,P032,2,2023-11-20 16:00:00,Store A,Hannah Patel,Portland,2023-08-23,Cookbook,Books,37.88,75.76
1943,T1944,C054,P036,3,2023-11-20 20:00:00,Store B,Charlie Singh,San Diego,2023-06-09,Comic Book,Books,42.37,127.11
1944,T1945,C054,P037,2,2023-11-21 00:00:00,Store C,Charlie Singh,San Diego,2023-06-09,Travel Guide,Books,42.4,84.8
1945,T1946,C088,P026,2,2023-11-21 04:00:00,Store A,Patricia Patel,San Francisco,2023-09-19,Rug,Home & Garden,190.28,380.56
1946,T1947,C014,P022,1,2023-11-21 08:00:00,Store C,Teresa Rodriguez,Seattle,2023-02-09,Blender,Home & Garden,281.8,281.8
1947,T1948,C096,P004,2,2023-11-21 12:00:00,Store B,Hannah Brown,San Francisco,2023-10-13,Monitor,Electronics,985.93,1971.86
1948,T1949,C094,P031,1,2023-11-21 16:00:00,Store A,Fiona Garcia,San Francisco,2023-10-07,Fiction Novel,Books,39.63,39.63
1949,T1950,C084,P018,2,2023-11-21 20:00:00,Store C,Charlie Miller,Seattle,2023-09-07,Dress,Clothing,130.65,261.3
1950,T1951,C079,P038,1,2023-11-22 00:00:00,Store C,Hannah Patel,Portland,2023-08-23,Self-Help,Books,44.68,44.68
1951,T1952,C096,P024,1,2023-11-22 04:00:00,Store B,Hannah Brown,San Francisco,2023-10-13,Lamp,Home & Garden,177.47,177.47
1952,T1953,C040,P023,1,2023-11-22 08:00:00,Store B,Laura Jackson,Portland,2023-04-28,Vacuum,Home & Garden,213.37,213.37
1953,T1954,C021,P022,2,2023-11-22 12:00:00,Store A,Hannah Brown,San Francisco,2023-03-02,Blender,Home & Garden,281.8,563.6
1954,T1955,C047,P002,1,2023-11-22 16:00:00,Store C,Bob Garcia,Portland,2023-05-19,Mouse,Electronics,457.12,457.12
1955,T1956,C091,P031,2,2023-11-22 20:00:00,Store C,Alice Davis,Seattle,2023-09-28,Fiction Novel,Books,39.63,79.26
1956,T1957,C011,P011,3,2023-11-23 00:00:00,Store B,Michael Rodriguez,Seattle,2023-01-31,T-Shirt,Clothing,140.68,422.04
1957,T1958,C078,P028,1,2023-11-23 04:00:00,Store B,Diana Garcia,Seattle,2023-08-20,Pillow,Home & Garden,54.92,54.92
1958,T1959,C100,P046,1,2023-11-23 08:00:00,Store A,Eric Davis,Seattle,2023-10-25,Water Bottle,Sports,446.65,446.65
1959,T1960,C094,P032,1,2023-11-23 12:00:00,Store C,Fiona Garcia,San Francisco,2023-10-07,Cookbook,Books,37.88,37.88
1960,T1961,C074,P005,3,2023-11-23 16:00:00,Store C,Teresa Wilson,San Diego,2023-08-08,Tablet,Electronics,306.81,920.43
1961,T1962,C018,P038,2,2023-11-23 20:00:00,Store A,Teresa Miller,San Francisco,2023-02-21,Self-Help,Books,44.68,89.36
1962,T1963,C093,P010,1,2023-11-24 00:00:00,Store A,Nina Rodriguez,Los Angeles,2023-10-04,Power Bank,Electronics,72.41,72.41
1963,T1964,C079,P040,1,2023-11-24 04:00:00,Store B,Hannah Patel,Portland,2023-08-23,Reference Book,Books,30.45,30.45
1964,T1965,C028,P046,2,2023-11-24 08:00:00,Store B,Quinn Rodriguez,San Francisco,2023-03-23,Water Bottle,Sports,446.65,893.3
1965,T1966,C024,P024,3,2023-11-24 12:00:00,Store A,Steve Jackson,Portland,2023-03-11,Lamp,Home & Garden,177.47,532.41
1966,T1967,C096,P035,3,2023-11-24 16:00:00,Store A,Hannah Brown,San Francisco,2023-10-13,Magazine,Books,21.74,65.22
1967,T1968,C084,P044,2,2023-11-24 20:00:00,Store C,Charlie Miller,Seattle,2023-09-07,Soccer Ball,Sports,355.45,710.9
1968,T1969,C093,P048,1,2023-11-25 00:00:00,Store A,Nina Rodriguez,Los Angeles,2023-10-04,Jump Rope,Sports,197.16,197.16
1969,T1970,C095,P023,1,2023-11-25 04:00:00,Store A,Michael Kim,Los Angeles,2023-10-10,Vacuum,Home & Garden,213.37,213.37
1970,T1971,C078,P017,1,2023-11-25 08:00:00,Store C,Diana Garcia,Seattle,2023-08-20,Socks,Clothing,70.06,70.06
1971,T1972,C074,P001,1,2023-11-25 12:00:00,Store A,Teresa Wilson,San Diego,2023-08-08,Laptop,Electronics,1097.56,1097.56
1972,T1973,C067,P031,1,2023-11-25 16:00:00,Store B,Quinn Martinez,Seattle,2023-07-18,Fiction Novel,Books,39.63,39.63
1973,T1974,C056,P031,1,2023-11-25 20:00:00,Store B,George Patel,Sacramento,2023-06-15,Fiction Novel,Books,39.63,39.63
1974,T1975,C067,P042,1,2023-11-26 00:00:00,Store C,Quinn Martinez,Seattle,2023-07-18,Dumbbells,Sports,402.17,402.17
1975,T1976,C090,P042,4,2023-11-26 04:00:00,Store A,Charlie Chen,San Francisco,2023-09-25,Dumbbells,Sports,402.17,1608.68
1976,T1977,C080,P034,2,2023-11-26 08:00:00,Store B,Charlie Rodriguez,Seattle,2023-08-26,Textbook,Books,24.38,48.76
1977,T1978,C096,P009,3,2023-11-26 12:00:00,Store B,Hannah Brown,San Francisco,2023-10-13,USB Cable,Electronics,586.73,1760.19
1978,T1979,C068,P022,2,2023-11-26 16:00:00,Store B,Alice Rodriguez,San Diego,2023-07-21,Blender,Home & Garden,281.8,563.6
1979,T1980,C080,P013,1,2023-11-26 20:00:00,Store B,Charlie Rodriguez,Seattle,2023-08-26,Sweater,Clothing,145.67,145.67
1980,T1981,C081,P025,2,2023-11-27 00:00:00,Store A,Charlie Anderson,San Diego,2023-08-29,Plant Pot,Home & Garden,42.7,85.4
1981,T1982,C079,P048,1,2023-11-27 04:00:00,Store A,Hannah Patel,Portland,2023-08-23,Jump Rope,Sports,197.16,197.16
1982,T1983,C086,P018,2,2023-11-27 08:00:00,Store A,Alice Patel,Portland,2023-09-13,Dress,Clothing,130.65,261.3
1983,T1984,C047,P012,1,2023-11-27 12:00:00,Store A,Bob Garcia,Portland,2023-05-19,Jeans,Clothing,75.66,75.66
1984,T1985,C073,P040,5,2023-11-27 16:00:00,Store B,Patricia Kim,Seattle,2023-08-05,Reference Book,Books,30.45,152.25
1985,T1986,C026,P017,1,2023-11-27 20:00:00,Store C,Oscar Brown,Los Angeles,2023-03-17,Socks,Clothing,70.06,70.06
1986,T1987,C063,P015,1,2023-11-28 00:00:00,Store C,George Davis,San Diego,2023-07-06,Shoes,Clothing,130.89,130.89
1987,T1988,C071,P042,4,2023-11-28 04:00:00,Store B,Ian Anderson,Los Angeles,2023-07-30,Dumbbells,Sports,402.17,1608.68
1988,T1989,C083,P015,1,2023-11-28 08:00:00,Store B,Rachel Martinez,Portland,2023-09-04,Shoes,Clothing,130.89,130.89
1989,T1990,C098,P015,2,2023-11-28 12:00:00,Store C,Alice Davis,Portland,2023-10-19,Shoes,Clothing,130.89,261.78
1990,T1991,C079,P039,2,2023-11-28 16:00:00,Store C,Hannah Patel,Portland,2023-08-23,Poetry,Books,46.53,93.06
1991,T1992,C088,P013,3,2023-11-28 20:00:00,Store B,Patricia Patel,San Francisco,2023-09-19,Sweater,Clothing,145.67,437.01
1992,T1993,C073,P017,5,2023-11-29 00:00:00,Store B,Patricia Kim,Seattle,2023-08-05,Socks,Clothing,70.06,350.3
1993,T1994,C082,P032,5,2023-11-29 04:00:00,Store A,Rachel Rodriguez,San Francisco,2023-09-01,Cookbook,Books,37.88,189.4
1994,T1995,C019,P009,1,2023-11-29 08:00:00,Store A,Ian Kim,Portland,2023-02-24,USB Cable,Electronics,586.73,586.73
1995,T1996,C049,P040,3,2023-11-29 12:00:00,Store C,Patricia Chen,San Francisco,2023-05-25,Reference Book,Books,30.45,91.35
1996,T1997,C061,P020,2,2023-11-29 16:00:00,Store B,Rachel Lee,Portland,2023-06-30,Scarf,Clothing,42.03,84.06
1997,T1998,C070,P026,2,2023-11-29 20:00:00,Store C,Eric Brown,Sacramento,2023-07-27,Rug,Home & Garden,190.28,380.56
1998,T1999,C013,P027,1,2023-11-30 00:00:00,Store A,Laura Davis,San Diego,2023-02-06,Curtains,Home & Garden,297.17,297.17
1999,T2000,C033,P021,2,2023-11-30 04:00:00,Store A,Eric Chen,Seattle,2023-04-07,Coffee Maker,Home & Garden,173.69,347.38
